2015-08-09,0.00299999,0.0041,0.0024000000000000002,0.00258069,898.12343401
2015-08-10,0.0026499600000000002,0.0029021999999999997,0.0022,0.00264498,718.36526568
2015-08-11,0.00264959,0.0044,0.002414,0.00395009,3007.27411094
2015-08-12,0.00395464,0.0048822,0.00290994,0.0045000000000000005,4690.07503237
2015-08-13,0.0045000000000000005,0.007999,0.0040100000000000005,0.00695489,8192.67501083
2015-08-14,0.0068801900000000004,0.008888,0.006500000000000001,0.00683103,11651.5489873
2015-08-15,0.0068579999999999995,0.00720508,0.0057,0.006377,4745.48489521
2015-08-16,0.006377,0.006559,0.0041500999999999994,0.00618999,7666.27309876
2015-08-17,0.00618999,0.006195,0.00439499,0.0047469999999999995,4618.67596772
2015-08-18,0.00468502,0.00537203,0.004251,0.00513914,4321.5662176
2015-08-19,0.0051400000000000005,0.0057,0.005005,0.00550004,3728.05675775
2015-08-20,0.00550003,0.00657,0.00522825,0.006220000000000001,7236.15317154
2015-08-21,0.00625,0.006777,0.005711099999999999,0.00595881,5677.52887126
2015-08-22,0.005958799999999999,0.00649,0.005804999999999999,0.0059530500000000005,2285.26826646
2015-08-23,0.00595285,0.006358,0.005599,0.00588889,4325.61748921
2015-08-24,0.00595898,0.0061449700000000005,0.005770000000000001,0.00583353,1887.47063365
2015-08-25,0.00583355,0.00594153,0.0050000999999999995,0.00513441,3373.82819194
2015-08-26,0.00513441,0.00528397,0.0047732,0.0051902,2463.80542889
2015-08-27,0.00513501,0.005275,0.0049837300000000005,0.00510001,1399.60013944
2015-08-28,0.00510003,0.00523,0.00501005,0.0051,1020.5245573
2015-08-29,0.00509995,0.00519998,0.005,0.00514499,918.45532974
2015-08-30,0.0051449600000000005,0.006051,0.00506503,0.00575011,3426.15479017
2015-08-31,0.0057500400000000005,0.006350000000000001,0.005226,0.0059118999999999994,3731.08565295
2015-09-01,0.0059,0.0061400000000000005,0.00581747,0.00592353,1907.92646951
2015-09-02,0.00592353,0.00596792,0.00545947,0.00565999,2147.96900211
2015-09-03,0.00565755,0.00573918,0.00520361,0.00550007,1806.28458235
2015-09-04,0.00550034,0.00573181,0.0053549999999999995,0.0055090600000000005,1190.49344287
2015-09-05,0.00551032,0.005730000000000001,0.0055000000000000005,0.0056995,683.53947685
2015-09-06,0.00565047,0.00574001,0.005369,0.00538311,838.52473788
2015-09-07,0.00538312,0.00548887,0.00510894,0.00517007,1136.55707737
2015-09-08,0.00518003,0.0052488,0.00501111,0.00510405,763.38422415
2015-09-09,0.00511957,0.00528854,0.00500311,0.00508243,759.65960792
2015-09-10,0.00508502,0.005105,0.00475025,0.004868,1282.77871997
2015-09-11,0.004868,0.0049285,0.00371,0.0040904999999999995,5256.18780913
2015-09-12,0.00405016,0.004730000000000001,0.004,0.00444892,1718.13175574
2015-09-13,0.00441373,0.00444,0.0038859999999999997,0.00405726,1218.59232432
2015-09-14,0.00403725,0.004164999999999999,0.0037500000000000003,0.00377716,1687.8201476
2015-09-15,0.00379998,0.0043333,0.00376701,0.004095,1450.6508931
2015-09-16,0.00409499,0.00412592,0.0039000999999999997,0.0039329,962.94467163
2015-09-17,0.00396272,0.003967,0.0035123999999999997,0.0037876100000000003,1913.88253002
2015-09-18,0.0037876100000000003,0.00387,0.00353463,0.00366847,985.17584598
2015-09-19,0.00363425,0.0039700000000000004,0.00358007,0.00379001,662.22993213
2015-09-20,0.0038001800000000002,0.004129,0.0037579999999999996,0.00405714,932.51129471
2015-09-21,0.0040292999999999995,0.00421,0.00387,0.00407829,826.2002719
2015-09-22,0.00407858,0.00407867,0.00376944,0.00389586,520.02043156
2015-09-23,0.00390545,0.004,0.0038610999999999997,0.0038702100000000002,278.07809972
2015-09-24,0.00390116,0.0039675,0.0034100000000000003,0.0034909100000000003,1536.10755468
2015-09-25,0.00349042,0.0035275,0.00304,0.00316307,1582.15395815
2015-09-26,0.00316224,0.00343488,0.0030011,0.00336503,1044.46944551
2015-09-27,0.00338767,0.00338767,0.0031011,0.0031219999999999998,668.24457913
2015-09-28,0.0031325,0.0031500000000000005,0.00230333,0.0024259999999999998,3526.9038525
2015-09-29,0.00241201,0.0029787999999999998,0.002332,0.0027705,2391.0032148
2015-09-30,0.00280785,0.0032,0.00265005,0.0031347999999999997,1570.460053
2015-10-01,0.00307717,0.0031311999999999998,0.0027800000000000004,0.00285022,931.03092746
2015-10-02,0.00285109,0.0029295700000000003,0.00274001,0.00283028,532.41925217
2015-10-03,0.0028699800000000003,0.00298924,0.00283526,0.00286501,298.57765593
2015-10-04,0.00286501,0.00293101,0.0027800000000000004,0.00281891,178.47977059
2015-10-05,0.002799,0.00289,0.002611,0.0026111999999999997,413.0325986
2015-10-06,0.0026111999999999997,0.002691,0.0024319999999999997,0.0026449999999999998,564.69737209
2015-10-07,0.00264494,0.0027389999999999997,0.00244976,0.00251001,452.1924101
2015-10-08,0.00251619,0.00276917,0.00241113,0.00270046,685.64626459
2015-10-09,0.0027005700000000002,0.0028799,0.00260021,0.00265941,789.86006146
2015-10-10,0.0026444100000000002,0.00269091,0.00253735,0.00256765,255.72587586
2015-10-11,0.00256811,0.00261501,0.00251,0.0025859900000000003,203.41946162
2015-10-12,0.00256852,0.0026791700000000002,0.00253286,0.00256975,199.31449998
2015-10-13,0.0025694900000000002,0.00258499,0.0023901,0.0024673,677.09065454
2015-10-14,0.0024575,0.00247103,0.0018793500000000001,0.00207953,2158.26030673
2015-10-15,0.00207953,0.0022776,0.00202501,0.0022034900000000002,795.48609914
2015-10-16,0.00220249,0.00225281,0.00197946,0.0020301,500.38207443
2015-10-17,0.00203001,0.0021168,0.0019500000000000001,0.00201506,559.71255655
2015-10-18,0.00201506,0.00206987,0.0019340100000000001,0.00198283,230.01027567
2015-10-19,0.00198276,0.00199888,0.00182018,0.00186176,450.45524487
2015-10-20,0.0018510900000000001,0.0019137,0.00158695,0.00161699,922.37126836
2015-10-21,0.00160154,0.001854,0.0015500000000000002,0.0016801,1330.5791455
2015-10-22,0.00167061,0.0023409999999999998,0.00155666,0.00207495,1904.50690745
2015-10-23,0.00207099,0.002325,0.001805,0.00196673,2286.54079254
2015-10-24,0.00196679,0.00209166,0.00186039,0.00200898,473.2369543
2015-10-25,0.00200897,0.0023810999999999997,0.00194,0.00216529,1335.88584767
2015-10-26,0.00218026,0.00269988,0.0020997900000000003,0.00257998,2471.95811445
2015-10-27,0.0025718200000000003,0.0031200000000000004,0.00246121,0.00300927,3622.81480133
2015-10-28,0.00296541,0.0036500000000000005,0.0026349999999999998,0.00335422,4427.68716509
2015-10-29,0.00335422,0.0039397,0.00307103,0.00387,4260.15602053
2015-10-30,0.00387,0.00409999,0.00286002,0.00319999,4575.20760092
2015-10-31,0.0031999,0.003264,0.0028,0.00290025,1254.94429712
2015-11-01,0.00291025,0.00331818,0.0028238300000000003,0.0032400000000000003,1035.43382843
2015-11-02,0.00325873,0.00336021,0.002611,0.00277999,1882.24061914
2015-11-03,0.00276434,0.0028793300000000003,0.00223388,0.00250797,2896.9057508
2015-11-04,0.002513,0.0025325400000000002,0.00137002,0.00217009,5140.04447923
2015-11-05,0.00219968,0.0025800000000000003,0.00205,0.00231062,2115.50865021
2015-11-06,0.00231124,0.00268,0.00222246,0.00251351,1584.41384723
2015-11-07,0.0025131999999999997,0.00252,0.00218398,0.00241499,1018.12885341
2015-11-08,0.00237301,0.00280377,0.0023488,0.00275901,1322.24835567
2015-11-09,0.00275901,0.00305,0.00242012,0.0026290999999999997,3204.09240602
2015-11-10,0.0026406100000000003,0.0028485999999999997,0.00254637,0.0027702,1090.74421972
2015-11-11,0.00277022,0.0028049999999999998,0.00222502,0.00253892,1841.87135582
2015-11-12,0.00252,0.0028,0.002345,0.00267466,1319.81526846
2015-11-13,0.00267443,0.00274855,0.00255045,0.00268999,810.57251557
2015-11-14,0.0026899800000000002,0.0027300000000000002,0.00262001,0.00266874,326.47841228
2015-11-15,0.0026839999999999998,0.0028802999999999997,0.002655,0.0028168,495.09304062
2015-11-16,0.00282129,0.0029800000000000004,0.00270359,0.00280366,826.14616474
2015-11-17,0.00280366,0.00310998,0.00270176,0.00298004,1826.14992743
2015-11-18,0.0029800300000000003,0.00305122,0.00283,0.0029698,1094.83429311
2015-11-19,0.00296965,0.0030396900000000003,0.00285001,0.00292813,453.23537494
2015-11-20,0.00293245,0.0029600000000000004,0.0028,0.00289387,758.26414848
2015-11-21,0.00289268,0.00305112,0.0028358100000000002,0.00298102,648.0453992
2015-11-22,0.00299998,0.00305601,0.00295512,0.00299499,374.07980585
2015-11-23,0.00298015,0.00302405,0.00283233,0.00293723,664.80961092
2015-11-24,0.00293722,0.00297428,0.0027201,0.00279996,663.26686258
2015-11-25,0.00279996,0.0028100000000000004,0.00259259,0.00262496,980.75859452
2015-11-26,0.00262496,0.0026925,0.002257,0.00249996,1442.99438822
2015-11-27,0.00249998,0.00252395,0.00233101,0.00243999,485.9740982
2015-11-28,0.00243999,0.00264678,0.0024299,0.00255151,638.25063675
2015-11-29,0.00255151,0.00255982,0.00233101,0.00234324,727.86733266
2015-11-30,0.002358,0.00240147,0.0022199,0.00230693,1171.89939194
2015-12-01,0.00230721,0.00249152,0.002281,0.0024000000000000002,587.95455457
2015-12-02,0.0024000000000000002,0.00250608,0.00226034,0.0022830100000000002,588.72869981
2015-12-03,0.002287,0.00230936,0.0021100000000000003,0.00223877,697.23215249
2015-12-04,0.00223877,0.00239999,0.0022,0.00230325,444.25241368
2015-12-05,0.00230428,0.00234,0.00216934,0.00219544,337.05824814
2015-12-06,0.00219542,0.00223831,0.00207485,0.00211985,634.99865994
2015-12-07,0.00213999,0.0021939200000000002,0.0019600000000000004,0.00202774,709.72082985
2015-12-08,0.0020284500000000002,0.0020797999999999997,0.0019630999999999997,0.00197138,405.6646906
2015-12-09,0.00197141,0.00199689,0.00181729,0.0018900100000000001,735.59095033
2015-12-10,0.0018989900000000001,0.00209581,0.00187474,0.00201509,338.772788
2015-12-11,0.00202838,0.002172,0.00188893,0.00207441,918.83954904
2015-12-12,0.00207405,0.0024500000000000004,0.00205,0.00224001,1626.99443003
2015-12-13,0.00222619,0.00229828,0.00212991,0.0022,311.59447137
2015-12-14,0.0022147,0.0023198900000000002,0.00218055,0.00223,471.15379439
2015-12-15,0.00222929,0.00229136,0.00215,0.002173,514.63376264
2015-12-16,0.00218935,0.00222319,0.00215,0.00218169,233.00394153
2015-12-17,0.002185,0.0022099900000000002,0.00197723,0.00208077,544.36005519
2015-12-18,0.00207041,0.00208099,0.00196012,0.00198001,340.05601711
2015-12-19,0.00198001,0.0019912800000000002,0.00188893,0.00195059,245.59978974
2015-12-20,0.0019505999999999998,0.00218535,0.0019505999999999998,0.00203997,477.571995
2015-12-21,0.00203998,0.00211999,0.00199066,0.00205945,425.13677854
2015-12-22,0.00204169,0.00208581,0.00196801,0.00198633,391.59039145
2015-12-23,0.0019817999999999997,0.00201,0.0019,0.00192889,218.74070269
2015-12-24,0.00192914,0.00194736,0.00185876,0.00188327,284.64911426
2015-12-25,0.00188341,0.0019326200000000001,0.00188341,0.00191183,86.48829303
2015-12-26,0.00191183,0.00210999,0.00190252,0.0020408600000000002,395.6530951
2015-12-27,0.0020583,0.0020705,0.00200672,0.00201997,107.92460842
2015-12-28,0.00201988,0.00205037,0.0019600000000000004,0.00200058,166.87025239
2015-12-29,0.0020210700000000002,0.00202109,0.001964,0.00201411,127.59415971
2015-12-30,0.00201424,0.00224174,0.00199002,0.00215,665.6023005
2015-12-31,0.00215,0.00233089,0.00213022,0.00216521,737.12994114
2016-01-01,0.00216521,0.00221,0.0021321,0.00217692,178.69975176
2016-01-02,0.00217673,0.00223,0.00214601,0.00215034,211.12957965
2016-01-03,0.00215031,0.00230989,0.00215,0.0022437,332.69310809
2016-01-04,0.00224371,0.00225999,0.00210801,0.00218069,281.39383673
2016-01-05,0.00218071,0.00225001,0.00216812,0.0022,167.26696884
2016-01-06,0.0022,0.0022405800000000003,0.00217088,0.002215,250.85282262
2016-01-07,0.002215,0.0022900000000000004,0.00204893,0.00204944,668.03184365
2016-01-08,0.00204944,0.00221,0.0020353100000000002,0.00217001,400.20193027
2016-01-09,0.00217001,0.002214,0.00215367,0.00219001,146.98548364
2016-01-10,0.0021902700000000002,0.002276,0.00218002,0.00223245,363.5291498
2016-01-11,0.00223245,0.002394,0.00221658,0.00236753,1144.26757673
2016-01-12,0.00236753,0.00291595,0.0023347100000000003,0.0026498999999999997,3518.74905951
2016-01-13,0.002608,0.00269029,0.00249,0.00259849,1021.31749889
2016-01-14,0.00259996,0.00280897,0.00253607,0.0027922,754.13531845
2016-01-15,0.0027921400000000002,0.00343873,0.00270099,0.00334997,6346.11124274
2016-01-16,0.00334989,0.0035489999999999996,0.0031000000000000003,0.00314864,4122.18551322
2016-01-17,0.00314841,0.00349899,0.00310925,0.00347951,1728.1879331
2016-01-18,0.0034795,0.004,0.00338,0.00368471,7142.8841588
2016-01-19,0.00368471,0.0037998999999999997,0.0033610999999999997,0.0036149999999999997,3407.36668258
2016-01-20,0.0036149999999999997,0.00398999,0.00351999,0.00367934,4258.60340217
2016-01-21,0.0036600000000000005,0.00380729,0.0035407200000000002,0.00379887,1888.02741934
2016-01-22,0.00379887,0.00395997,0.0037,0.00393986,2072.9833955
2016-01-23,0.00393985,0.00532498,0.00389229,0.005030000000000001,11107.30390871
2016-01-24,0.00502999,0.005775,0.004860000000000001,0.00529243,14752.65279678
2016-01-25,0.00532999,0.00688249,0.005151,0.00637467,15836.37942008
2016-01-26,0.00637467,0.007320999999999999,0.0047,0.0058000000000000005,24715.55565632
2016-01-27,0.0057999900000000005,0.006640000000000001,0.0054321,0.00607994,11568.81693428
2016-01-28,0.00606044,0.007050000000000001,0.00587,0.00668,8056.75040433
2016-01-29,0.00668,0.007090000000000001,0.00590008,0.00666488,11079.58013819
2016-01-30,0.00659569,0.00691,0.00631095,0.00647687,5389.05162434
2016-01-31,0.00647684,0.00670227,0.0057294600000000005,0.00623988,9518.42499796
2016-02-01,0.0062733500000000005,0.0062733500000000005,0.00561,0.00594538,5590.20808551
2016-02-02,0.00595299,0.00654888,0.00575006,0.00649103,4798.36723071
2016-02-03,0.00649104,0.006860000000000001,0.0062569999999999995,0.00684379,5399.86223094
2016-02-04,0.00684377,0.0068999,0.00641001,0.00661998,5146.7804719
2016-02-05,0.006620000000000001,0.006734899999999999,0.00627,0.0065807700000000005,3459.31999204
2016-02-06,0.0065807700000000005,0.00679998,0.00649734,0.006704470000000001,2619.77485145
2016-02-07,0.00673685,0.00824989,0.0067034500000000006,0.00792,10432.49966339
2016-02-08,0.0079,0.008740999999999999,0.0076,0.008494999999999999,14677.48776284
2016-02-09,0.008498,0.010875,0.00847316,0.0107519,26366.77341863
2016-02-10,0.0108,0.0129997,0.0095,0.0118,48091.8518876
2016-02-11,0.01181246,0.01742,0.0112701,0.016000010000000002,40602.30340731
2016-02-12,0.01595758,0.0178,0.013212999999999999,0.014780000000000001,34565.12565774
2016-02-13,0.014780000000000001,0.0152,0.01058763,0.01375961,38335.36560302
2016-02-14,0.013790000000000002,0.0140101,0.011021099999999999,0.013016650000000001,15798.20751435
2016-02-15,0.01302909,0.01456989,0.012345,0.01318106,19567.26424699
2016-02-16,0.013181120000000001,0.01365,0.009550000000000001,0.01061569,22505.76851651
2016-02-17,0.01061568,0.01190191,0.00825017,0.0090876,21669.25089132
2016-02-18,0.0090876,0.0122,0.008,0.010499,24346.11637251
2016-02-19,0.01042217,0.01145,0.01004521,0.0112,8816.88984316
2016-02-20,0.01120001,0.0113117,0.009380000000000001,0.00995001,11576.93509995
2016-02-21,0.00997661,0.0108,0.009600000000000001,0.01058748,6927.48592001
2016-02-22,0.01059998,0.013056970000000001,0.010569,0.013000000000000001,17603.2536041
2016-02-23,0.01298001,0.01384999,0.012610000000000001,0.01339,17820.50931755
2016-02-24,0.01338994,0.014870000000000001,0.0129,0.014721,14647.33040337
2016-02-25,0.01467099,0.015770000000000003,0.01145678,0.01425001,32328.42832751
2016-02-26,0.01425007,0.014750000000000001,0.01332,0.01369998,11190.39421349
2016-02-27,0.013694999999999999,0.01514997,0.01362005,0.01484,11846.57655457
2016-02-28,0.01479591,0.01561614,0.014612,0.01489,14702.55857985
2016-02-29,0.01488995,0.01519999,0.013800000000000002,0.01443017,9120.77466587
2016-03-01,0.01443017,0.01848705,0.01437,0.01761352,30988.50864111
2016-03-02,0.01761352,0.0206,0.01699177,0.01999,44434.01802983
2016-03-03,0.01991946,0.02388999,0.019610000000000002,0.02219996,58258.07543586
2016-03-04,0.02206006,0.026000000000000002,0.0198,0.02501103,49260.87057067
2016-03-05,0.02536733,0.031,0.02362626,0.0275,88235.54974543
2016-03-06,0.0275,0.03,0.022510000000000002,0.027999780000000002,55725.98670943
2016-03-07,0.02799977,0.028891899999999998,0.022222,0.02296408,49814.10496059
2016-03-08,0.02296408,0.02475,0.021221999999999998,0.02362115,30938.71698459
2016-03-09,0.02362115,0.029400000000000003,0.02330001,0.028650000000000002,37646.10246629
2016-03-10,0.02867089,0.02979987,0.026000000000000002,0.02719792,36655.07639588
2016-03-11,0.02719792,0.02765,0.02453507,0.026300030000000002,31601.32790092
2016-03-12,0.02640999,0.033533,0.0262219,0.032838,72802.3769418
2016-03-13,0.032838,0.037200000000000004,0.03270551,0.03487101,67140.12217641
2016-03-14,0.034911,0.03678879,0.026904980000000002,0.03,87991.41421297
2016-03-15,0.03018972,0.031776,0.028200000000000003,0.031190000000000002,35433.81935434
2016-03-16,0.031190000000000002,0.0331999,0.02970001,0.02984011,31479.26979096
2016-03-17,0.02989998,0.03032704,0.0245,0.0264,57122.56536636
2016-03-18,0.0264,0.027298760000000002,0.02041,0.02717099,69282.31476023
2016-03-19,0.02717097,0.027489299999999998,0.0238,0.025644999999999998,35447.12960947
2016-03-20,0.025644999999999998,0.026600000000000002,0.023,0.02491485,22830.2037277
2016-03-21,0.02491482,0.029165,0.02450528,0.028686999999999997,42463.94282197
2016-03-22,0.02868799,0.028886580000000002,0.026600000000000002,0.027,25967.07387348
2016-03-23,0.027000999999999997,0.0298,0.02679844,0.029751,26271.96151727
2016-03-24,0.029751,0.029959990000000002,0.02578454,0.026993,36737.03304242
2016-03-25,0.026999,0.027479,0.02508,0.025751999999999997,17782.89767346
2016-03-26,0.025751,0.026962,0.02531001,0.026310999999999998,11918.5442377
2016-03-27,0.026310999999999998,0.0267,0.02351011,0.02442801,22513.11850902
2016-03-28,0.02442896,0.0281393,0.02436073,0.027576999999999997,28662.73194112
2016-03-29,0.027576999999999997,0.028800000000000003,0.026569970000000002,0.027891,23137.37842699
2016-03-30,0.027891,0.02943,0.02751102,0.028786,25679.85278869
2016-03-31,0.028789,0.029,0.0268,0.02738099,17580.50579854
2016-04-01,0.02738099,0.0285,0.02719399,0.027896090000000002,13945.05489186
2016-04-02,0.027896090000000002,0.027944,0.027000999999999997,0.027583,7316.89333869
2016-04-03,0.02758294,0.02787622,0.02730001,0.02765,5282.82114552
2016-04-04,0.02765,0.02766,0.02622299,0.026452999999999997,9328.36462952
2016-04-05,0.026452999999999997,0.02667546,0.023839,0.0247,23241.57158103
2016-04-06,0.02470001,0.02590121,0.024115599999999997,0.025230000000000002,16832.38224478
2016-04-07,0.025230000000000002,0.02569639,0.02338892,0.023825,16569.399259
2016-04-08,0.023825,0.0246,0.022511999999999997,0.023180000000000003,19855.91419929
2016-04-09,0.023174999999999998,0.02420166,0.02123424,0.02182468,24026.94806952
2016-04-10,0.02181769,0.0221,0.0176,0.02119998,57606.75367949
2016-04-11,0.02119924,0.02122525,0.018850000000000002,0.02041316,18882.35226646
2016-04-12,0.02041345,0.02045224,0.016755,0.01749432,31408.39668986
2016-04-13,0.01749432,0.02059,0.0165,0.01908427,42291.13536547
2016-04-14,0.01908426,0.02083799,0.018801520000000002,0.01973642,18553.32575313
2016-04-15,0.01974776,0.02025159,0.01871,0.01918806,17615.73265462
2016-04-16,0.01918805,0.02020202,0.0187,0.02,12362.18667586
2016-04-17,0.01999999,0.022770000000000002,0.01980137,0.021817160000000002,32721.31192592
2016-04-18,0.02182221,0.0222499,0.019770000000000003,0.02106255,31343.82212998
2016-04-19,0.02106256,0.021752,0.019726360000000002,0.01998563,17219.61570087
2016-04-20,0.01998561,0.020290000000000002,0.018600000000000002,0.019170000000000003,20654.32010296
2016-04-21,0.019170000000000003,0.01984,0.017601,0.01811964,16860.73279289
2016-04-22,0.01811964,0.01873,0.01717001,0.01751463,15458.11838199
2016-04-23,0.01749071,0.01922933,0.0172,0.018399060000000002,18063.10494396
2016-04-24,0.01840147,0.01878075,0.01730005,0.01742178,11759.50393682
2016-04-25,0.01742177,0.01772301,0.01556155,0.016274999999999998,22309.90604031
2016-04-26,0.01627499,0.0163984,0.0151311,0.01583702,20568.96137993
2016-04-27,0.01583702,0.017640000000000003,0.01566888,0.017427250000000002,26627.86998933
2016-04-28,0.01742767,0.017990000000000003,0.01582167,0.01600229,14777.70048885
2016-04-29,0.016,0.0173,0.0158995,0.01637647,10554.67424817
2016-04-30,0.01637647,0.020870000000000003,0.01637601,0.01964,47651.06265622
2016-05-01,0.01964,0.02009,0.01865496,0.01969634,20069.21989163
2016-05-02,0.01969629,0.023426660000000002,0.01955666,0.02289764,52421.1773041
2016-05-03,0.02289731,0.02289811,0.02035,0.02065105,25170.98037249
2016-05-04,0.02065258,0.022500000000000003,0.02049999,0.0211,18442.84279909
2016-05-05,0.02109611,0.022600000000000002,0.02070435,0.02195039,21366.91752446
2016-05-06,0.021949530000000002,0.02233346,0.0191244,0.02034105,26869.06302029
2016-05-07,0.02034198,0.020762430000000002,0.019920999999999998,0.02050078,12416.73149893
2016-05-08,0.02050078,0.021175,0.01939985,0.02066011,16803.84610948
2016-05-09,0.02065974,0.021199,0.01971499,0.02014178,15324.76609279
2016-05-10,0.02014817,0.02099,0.019960000000000002,0.02088962,10743.66146182
2016-05-11,0.02088898,0.02213333,0.02075785,0.02211184,16821.04530038
2016-05-12,0.02211151,0.023350000000000003,0.021717999999999998,0.02204581,28718.73147625
2016-05-13,0.02204598,0.02441824,0.02191129,0.02306024,36675.71024687
2016-05-14,0.02306024,0.02329,0.02129112,0.02245952,22925.49822826
2016-05-15,0.02245952,0.02294888,0.021550000000000003,0.021779220000000002,11425.78749549
2016-05-16,0.021779220000000002,0.025650000000000003,0.02175078,0.02458301,36733.95411035
2016-05-17,0.02458228,0.027600000000000003,0.024467,0.026881640000000002,47250.82866909
2016-05-18,0.026881580000000002,0.0315,0.0267,0.0296893,84883.21712881
2016-05-19,0.029443590000000002,0.03383502,0.029300000000000003,0.0337,66485.50332599
2016-05-20,0.03368513,0.03415,0.03,0.030750000000000003,66016.7526158
2016-05-21,0.030787830000000002,0.031819,0.02952072,0.03168965,29624.09753391
2016-05-22,0.03168962,0.0328,0.03105008,0.03254913,23380.69009717
2016-05-23,0.03254913,0.033100000000000004,0.0298,0.03035895,27426.41497877
2016-05-24,0.03035893,0.031080550000000002,0.026600099999999998,0.02854996,48239.48488641
2016-05-25,0.028550000000000002,0.028964999999999998,0.026011199999999998,0.02783989,31326.19223515
2016-05-26,0.027840000000000004,0.029,0.026525999999999997,0.02739,22723.2531822
2016-05-27,0.02739,0.02739205,0.0219,0.023849910000000002,66869.72501272
2016-05-28,0.0238499,0.02509897,0.020673360000000002,0.02251401,47013.33851331
2016-05-29,0.022515340000000002,0.02424001,0.02190001,0.023499930000000002,28762.63852187
2016-05-30,0.023499950000000002,0.024179899999999997,0.022652020000000002,0.02383115,14007.75304489
2016-05-31,0.02383114,0.027600000000000003,0.023371470000000002,0.02654409,42599.06075514
2016-06-01,0.02654409,0.02730185,0.02493,0.02608117,20567.93615424
2016-06-02,0.02608117,0.02644825,0.0251287,0.025529,8277.68253185
2016-06-03,0.02552087,0.02590276,0.02292579,0.0242886,19673.66200633
2016-06-04,0.0242886,0.02472463,0.022827260000000002,0.02404874,13689.22385166
2016-06-05,0.02404868,0.02474902,0.023395680000000002,0.02438698,9564.92682367
2016-06-06,0.02438769,0.02449291,0.02346794,0.023798760000000002,7290.29275838
2016-06-07,0.023798760000000002,0.02537502,0.0234,0.0251532,18544.04094652
2016-06-08,0.02515281,0.02584801,0.02456229,0.02480092,12777.35328822
2016-06-09,0.02480013,0.02555001,0.02470804,0.02502307,6056.76498127
2016-06-10,0.02502257,0.025150000000000002,0.02391,0.02403496,7718.10538992
2016-06-11,0.02403496,0.024177499999999998,0.023212399999999998,0.02335071,10082.30604273
2016-06-12,0.023370560000000002,0.02399938,0.022080000000000002,0.02341899,26765.94248327
2016-06-13,0.02340001,0.0253002,0.02290139,0.024940030000000002,19403.91130364
2016-06-14,0.02494,0.028099,0.02494,0.02763762,37524.11148081
2016-06-15,0.02762427,0.027795,0.026050999999999998,0.02643199,10631.48429666
2016-06-16,0.026432030000000002,0.027239990000000002,0.02562311,0.02688999,15332.63802991
2016-06-17,0.02688917,0.027989240000000002,0.017220000000000003,0.02052849,102682.44101946
2016-06-18,0.02052849,0.02055684,0.012436570000000001,0.0149243,79485.43022379
2016-06-19,0.01492333,0.01765997,0.014020000000000001,0.01603166,43667.32014174
2016-06-20,0.01603166,0.01652898,0.0137,0.01606888,36376.73603018
2016-06-21,0.01606888,0.0204,0.01604435,0.01959998,53073.19910889
2016-06-22,0.019597,0.02389997,0.019,0.02216703,75724.92222099
2016-06-23,0.02216704,0.0234552,0.02151181,0.02183901,20609.61781475
2016-06-24,0.02185157,0.02190605,0.019998,0.02154587,21364.05077553
2016-06-25,0.02155556,0.02185,0.020666999999999998,0.02140001,11052.04696491
2016-06-26,0.02140966,0.023221699999999998,0.02137278,0.0219363,10971.60620051
2016-06-27,0.02193538,0.02229,0.0212,0.02129997,7963.5320674
2016-06-28,0.02129997,0.0213,0.017650000000000002,0.01883932,27365.25516929
2016-06-29,0.018816740000000002,0.0205,0.01809139,0.01970076,18545.26732749
2016-06-30,0.01970078,0.020049980000000002,0.01844388,0.018500000000000003,10358.39990296
2016-07-01,0.01849999,0.01862,0.017221,0.018098,11942.90237107
2016-07-02,0.01809955,0.0181,0.017152999999999998,0.017241,6060.17426857
2016-07-03,0.01724959,0.018156,0.01716,0.01777967,6781.8868828
2016-07-04,0.01778145,0.01799086,0.01678597,0.0167924,8719.23370375
2016-07-05,0.01679195,0.01699147,0.014150000000000001,0.01581388,28649.80673719
2016-07-06,0.01581424,0.01649997,0.01518,0.015530480000000001,12624.4864765
2016-07-07,0.015530460000000001,0.01622999,0.015011,0.0157886,10426.78099127
2016-07-08,0.01574201,0.0175,0.015550000000000001,0.01707421,11125.81748964
2016-07-09,0.017074199999999998,0.017349,0.0164,0.01686006,10173.0489227
2016-07-10,0.01686007,0.01710037,0.016524999999999998,0.01684892,3665.94713174
2016-07-11,0.01684892,0.01687904,0.015736,0.01609686,8935.02508936
2016-07-12,0.01609681,0.01655549,0.0155,0.015794370000000002,7556.88231184
2016-07-13,0.015794370000000002,0.0161,0.015520860000000001,0.01606961,5164.80312716
2016-07-14,0.01607008,0.017765180000000002,0.01606998,0.01744296,16345.83133404
2016-07-15,0.01744091,0.01875698,0.01735,0.01797933,16175.62111444
2016-07-16,0.017990950000000002,0.0181,0.017401,0.017550000000000003,7396.33234739
2016-07-17,0.017550000000000003,0.0176,0.01615917,0.01640043,12646.8589458
2016-07-18,0.01639999,0.0171,0.01618,0.016391,11116.6588157
2016-07-19,0.01639089,0.0180249,0.01631267,0.017228880000000002,13735.6526924
2016-07-20,0.017228880000000002,0.0195,0.017150000000000002,0.01872492,43290.78962523
2016-07-21,0.01872492,0.01914,0.0179675,0.019,15623.74439043
2016-07-22,0.019,0.02288,0.01869028,0.02250589,52014.74631316
2016-07-23,0.0225059,0.02289828,0.02131657,0.02177867,21082.06664378
2016-07-24,0.02177867,0.0222,0.018230000000000003,0.01926412,58477.53767656
2016-07-25,0.01926467,0.02125,0.01912187,0.021145630000000002,27139.54860352
2016-07-26,0.021145630000000002,0.02125,0.0176,0.0188,76784.28838755
2016-07-27,0.01880283,0.0207,0.018150000000000003,0.019860000000000003,40848.79240837
2016-07-28,0.01984869,0.01998655,0.01926203,0.01927695,5127.0762329
2016-07-29,0.01960083,0.019698,0.019141,0.019438650000000002,6839.24169207
2016-07-30,0.019438650000000002,0.0195,0.0189007,0.018930000000000002,4776.53723084
2016-07-31,0.01891221,0.019749990000000002,0.01799723,0.01899365,16086.45007209
2016-08-01,0.01899573,0.01929999,0.018005550000000002,0.018005550000000002,13361.78362193
2016-08-02,0.01806188,0.01833014,0.01353001,0.016118920000000002,71610.7553289
2016-08-03,0.01611996,0.018500000000000003,0.01598468,0.01819629,48810.79923931
2016-08-04,0.01819629,0.019700000000000002,0.01776077,0.01906891,35170.49372965
2016-08-05,0.019088,0.01947229,0.0187,0.01895,13008.52642033
2016-08-06,0.01894798,0.01902654,0.01791116,0.018502730000000002,14422.91648643
2016-08-07,0.018501840000000002,0.0189,0.018120999999999998,0.018352999999999998,10658.15240143
2016-08-08,0.018352999999999998,0.0192639,0.018264660000000002,0.01908032,9280.49506154
2016-08-09,0.01906145,0.021286,0.01900999,0.02082661,32280.73129719
2016-08-10,0.02082889,0.0212999,0.01991,0.020531999999999998,18629.59464679
2016-08-11,0.020531999999999998,0.020835,0.0195,0.019871,12143.640402
2016-08-12,0.01987224,0.020592970000000002,0.0198,0.020069,9516.11069429
2016-08-13,0.020069,0.02012624,0.01958901,0.019792999999999998,5767.43996335
2016-08-14,0.019792999999999998,0.020110000000000003,0.019450020000000002,0.0196551,6164.77734401
2016-08-15,0.01963818,0.0198814,0.0194,0.01983911,5388.68802944
2016-08-16,0.01983911,0.019868999999999998,0.01914,0.01926044,4202.80187809
2016-08-17,0.01925833,0.019372880000000002,0.01871,0.018770000000000002,5219.24884392
2016-08-18,0.018770000000000002,0.01927256,0.01865103,0.01870997,4359.62537818
2016-08-19,0.01871,0.01887677,0.018593,0.018677970000000002,3120.88536491
2016-08-20,0.018677970000000002,0.0195,0.01867796,0.01933935,5089.74375495
2016-08-21,0.019339330000000002,0.01935047,0.0188,0.01925729,3462.87586552
2016-08-22,0.0192593,0.0195,0.0188,0.01897105,5219.83475038
2016-08-23,0.01897105,0.0192081,0.018663,0.01892309,4478.68924991
2016-08-24,0.01892525,0.01924511,0.01887566,0.01900408,3106.55768396
2016-08-25,0.01900303,0.019763140000000002,0.01900001,0.0196507,6665.37897259
2016-08-26,0.0196507,0.019885999999999997,0.0193097,0.019499199999999998,4741.67444897
2016-08-27,0.01949957,0.01977467,0.019377,0.01954752,1937.6439591
2016-08-28,0.01954752,0.01959045,0.01897524,0.01901409,4949.04837725
2016-08-29,0.01901206,0.019430000000000003,0.01860188,0.019164,6575.62718569
2016-08-30,0.01916368,0.01968999,0.018930000000000002,0.01945841,6002.90833879
2016-08-31,0.01945835,0.02036523,0.01931679,0.0203267,9084.35605575
2016-09-01,0.02032235,0.022250000000000002,0.020200000000000003,0.020885360000000002,21910.34970043
2016-09-02,0.020885360000000002,0.021500000000000002,0.020732,0.02102058,7560.21758319
2016-09-03,0.02102057,0.021551,0.019,0.01958553,11592.78562853
2016-09-04,0.019585560000000002,0.01974689,0.018910000000000003,0.019199710000000002,5020.93934535
2016-09-05,0.01919975,0.01962093,0.019053999999999998,0.019316820000000002,3853.29272864
2016-09-06,0.01932826,0.01934831,0.01873,0.019136,5308.78652632
2016-09-07,0.019136,0.01927287,0.01866401,0.01877884,4696.61033909
2016-09-08,0.01877884,0.01900857,0.017801,0.018188,8418.1896228
2016-09-09,0.018186070000000002,0.0188439,0.0180875,0.018682,3384.94209434
2016-09-10,0.018682,0.019653,0.01844809,0.01951813,4984.28431507
2016-09-11,0.0195181,0.01964296,0.01858052,0.01917285,6729.84744575
2016-09-12,0.01917034,0.01970999,0.019077,0.01946527,4789.71645692
2016-09-13,0.0194632,0.02004299,0.019419020000000002,0.019495,6906.34856705
2016-09-14,0.019495,0.01964992,0.019111,0.01950003,3498.87395894
2016-09-15,0.01950501,0.019871,0.019504999999999998,0.01962654,4431.398139
2016-09-16,0.01962834,0.0211777,0.0195,0.020694999999999998,13245.00655752
2016-09-17,0.020724990000000002,0.02106815,0.0204558,0.020856450000000002,6613.16072683
2016-09-18,0.02092359,0.021400000000000002,0.01966901,0.0203799,16927.92799493
2016-09-19,0.020351130000000002,0.02172999,0.020309920000000002,0.02172681,10760.07480463
2016-09-20,0.0217,0.02375,0.0214663,0.023725510000000002,25200.87892691
2016-09-21,0.0237255,0.0241,0.02200007,0.02297365,25397.25584717
2016-09-22,0.02296967,0.02299322,0.020711999999999998,0.022180000000000002,24360.10426558
2016-09-23,0.02215853,0.02246269,0.02185612,0.02206989,7462.07804841
2016-09-24,0.022071030000000002,0.022150000000000003,0.020703,0.02136,8858.50990939
2016-09-25,0.02136,0.021890000000000003,0.02118404,0.02180502,4896.49473458
2016-09-26,0.02180502,0.022,0.02102103,0.021178350000000002,5583.79068369
2016-09-27,0.021183,0.021859550000000002,0.02111109,0.02160001,4297.60335994
2016-09-28,0.0216,0.022397999999999998,0.021550000000000003,0.02197787,6127.05742522
2016-09-29,0.02195,0.02212351,0.02147539,0.021500580000000002,3032.105286
2016-09-30,0.021631499999999998,0.022085,0.02143,0.02162,3896.46921817
2016-10-01,0.02161325,0.021900990000000002,0.021074,0.021447420000000002,3946.51068009
2016-10-02,0.021447420000000002,0.0218084,0.02132948,0.021591,2300.44030548
2016-10-03,0.021591,0.02215295,0.02148112,0.02194401,5513.65184458
2016-10-04,0.0219469,0.02219799,0.02158647,0.0217334,6410.6710338
2016-10-05,0.021773670000000002,0.021890000000000003,0.02116,0.02122697,6133.82818913
2016-10-06,0.02122151,0.021501990000000002,0.02065854,0.020900000000000002,8038.93858352
2016-10-07,0.020900000000000002,0.021221999999999998,0.02024,0.0205113,5339.81183671
2016-10-08,0.02050924,0.0205499,0.01929999,0.01972994,8370.28164309
2016-10-09,0.01970601,0.02008728,0.01928001,0.01952541,4764.02085522
2016-10-10,0.01950099,0.0195584,0.018660000000000003,0.01899364,7098.10102267
2016-10-11,0.01899362,0.01958666,0.0181,0.018352,7510.92081203
2016-10-12,0.01834402,0.01905114,0.018215,0.01875291,6683.30675814
2016-10-13,0.018715,0.01926789,0.0184,0.01885676,5807.89446054
2016-10-14,0.018856770000000002,0.019,0.018566,0.01863001,1888.36143369
2016-10-15,0.01863001,0.01889,0.01830659,0.018744999999999998,2693.5070548
2016-10-16,0.01872781,0.01889697,0.018510000000000002,0.01858664,1851.31774379
2016-10-17,0.01860177,0.018878,0.0184,0.018803999999999998,3598.97854755
2016-10-18,0.01878921,0.02022798,0.01876001,0.01972003,13618.20588145
2016-10-19,0.01975477,0.019863310000000002,0.01884401,0.019093,7009.55856014
2016-10-20,0.01908757,0.01956589,0.01896001,0.01919512,4945.902194
2016-10-21,0.019195030000000002,0.01928812,0.019010000000000003,0.01915895,2137.07587842
2016-10-22,0.01915895,0.019188880000000002,0.01819302,0.01844004,4254.74174059
2016-10-23,0.01844297,0.01854649,0.0181,0.01827829,2367.71657585
2016-10-24,0.01827068,0.0184749,0.0182,0.01823001,1855.85070247
2016-10-25,0.01823001,0.0183,0.016791,0.01731644,12292.29413808
2016-10-26,0.01731845,0.01795613,0.01685004,0.01700553,4486.31287787
2016-10-27,0.01700553,0.017050000000000003,0.016300000000000002,0.01669611,7813.61942737
2016-10-28,0.0166961,0.01692979,0.01585524,0.016050000000000002,7890.42421203
2016-10-29,0.01605936,0.01614167,0.01315,0.01463269,16870.61576915
2016-10-30,0.01463999,0.016542599999999998,0.01447742,0.01594341,11267.85830146
2016-10-31,0.01594339,0.0165,0.01543909,0.01565014,8835.02818127
2016-11-01,0.01565043,0.015799,0.01396937,0.01476,14202.92758439
2016-11-02,0.01476,0.01552473,0.0145,0.01450001,6001.97078439
2016-11-03,0.0145,0.01612043,0.01449258,0.01567324,9558.55635599
2016-11-04,0.01567586,0.016,0.015392310000000001,0.01587054,4817.47922232
2016-11-05,0.015823999999999998,0.01589944,0.01552001,0.015712,2303.24230237
2016-11-06,0.01573872,0.01577581,0.015280000000000002,0.01529012,2400.91479171
2016-11-07,0.01528006,0.0158,0.01523333,0.015477,2001.469966
2016-11-08,0.01545002,0.01558881,0.015040000000000001,0.01523277,3311.27143076
2016-11-09,0.01523277,0.01527735,0.01395,0.01478958,9333.8349353
2016-11-10,0.014750570000000001,0.01497589,0.014554099999999999,0.01470099,2231.81930378
2016-11-11,0.014700000000000001,0.01484627,0.014293460000000001,0.01435001,3493.48853294
2016-11-12,0.01435043,0.014620000000000001,0.013670000000000002,0.01402201,6438.43979289
2016-11-13,0.01402201,0.015089970000000001,0.01400302,0.014360000000000001,5354.20679133
2016-11-14,0.014360000000000001,0.01450846,0.014122,0.01413501,1751.7894377
2016-11-15,0.01414528,0.014511940000000001,0.01384167,0.0143609,3786.50379265
2016-11-16,0.0143609,0.014560730000000001,0.01323001,0.01351701,6419.03605676
2016-11-17,0.013517020000000001,0.01368497,0.013059890000000001,0.01349798,3642.10134025
2016-11-18,0.01349798,0.01359858,0.0123,0.01259995,6939.25528931
2016-11-19,0.01259998,0.0130995,0.0125572,0.012820000000000002,2520.08920634
2016-11-20,0.012834990000000001,0.01336969,0.01261521,0.01310014,3006.16725423
2016-11-21,0.01310038,0.01322499,0.01282002,0.01301079,1564.77565471
2016-11-22,0.01300403,0.013840000000000002,0.01270685,0.013190799999999999,7154.74847728
2016-11-23,0.013190799999999999,0.013470590000000001,0.012990110000000001,0.013221,2337.27302924
2016-11-24,0.013215999999999999,0.013243,0.011,0.01247099,9469.65623634
2016-11-25,0.012458780000000001,0.01328372,0.01241308,0.01266583,4520.74442111
2016-11-26,0.01266424,0.01295257,0.01254343,0.01261566,1524.81142986
2016-11-27,0.01262621,0.01279781,0.01185344,0.012241430000000001,4821.49195881
2016-11-28,0.01231998,0.01231998,0.0118,0.01184203,3093.45701299
2016-11-29,0.01184203,0.0119005,0.010111,0.011070000000000002,10599.80865997
2016-11-30,0.01106095,0.01191502,0.01105031,0.011507,6929.31785497
2016-12-01,0.01150697,0.01159599,0.01098,0.011163890000000001,3508.74210004
2016-12-02,0.011163890000000001,0.011179,0.0094,0.00999506,11806.61763457
2016-12-03,0.00999507,0.0107238,0.00996,0.01027459,8766.84281786
2016-12-04,0.01027459,0.01038313,0.00956,0.009630000000000001,5939.2157509
2016-12-05,0.00960122,0.01007575,0.00863997,0.008976999999999999,11693.42513434
2016-12-06,0.008976999999999999,0.01043988,0.0076,0.01033318,35272.5698927
2016-12-07,0.01033319,0.01119798,0.00958,0.01091903,14840.30439423
2016-12-08,0.01091903,0.01157992,0.01062222,0.01062222,10892.09539897
2016-12-09,0.010631999999999999,0.01127002,0.01042658,0.010897210000000001,9259.91422921
2016-12-10,0.01090495,0.01102995,0.01029807,0.01049026,5184.497894
2016-12-11,0.01048812,0.01079592,0.01043761,0.010645990000000001,3443.76252226
2016-12-12,0.0106357,0.01119232,0.01052339,0.010921,5818.45842999
2016-12-13,0.010938970000000001,0.01094985,0.0106425,0.01076511,2162.04275035
2016-12-14,0.01076511,0.01101,0.01049976,0.01054682,3472.73660035
2016-12-15,0.01056999,0.01057916,0.00987,0.01007653,6768.94891184
2016-12-16,0.010077,0.010180000000000002,0.00987821,0.010005,2240.91944695
2016-12-17,0.01003194,0.01004999,0.00922,0.009880120000000001,4404.84655485
2016-12-18,0.00988016,0.01009809,0.009725290000000001,0.00996499,2751.32733768
2016-12-19,0.00996498,0.009965,0.00954002,0.0096311,2919.41074413
2016-12-20,0.009637950000000001,0.00988825,0.00942669,0.009575,2396.33416952
2016-12-21,0.009597099999999999,0.00971581,0.00945,0.009474999999999999,3930.69718834
2016-12-22,0.009474999999999999,0.00950721,0.008555,0.00876501,9707.08316286
2016-12-23,0.008765,0.00876501,0.00769247,0.00774715,10685.96286224
2016-12-24,0.0077471400000000004,0.0082975,0.00770875,0.00808,3775.98368154
2016-12-25,0.008076390000000001,0.008400000000000001,0.00795486,0.007975,4896.97777285
2016-12-26,0.007980000000000001,0.0082099,0.00777945,0.008042230000000001,2887.58714787
2016-12-27,0.00803237,0.00816026,0.007522,0.00765869,4419.68057584
2016-12-28,0.00765899,0.008088999999999999,0.00730204,0.007695,8774.33534161
2016-12-29,0.007695,0.0089,0.0076875,0.00851328,13804.1652248
2016-12-30,0.00851204,0.00897,0.00840201,0.008490000000000001,5123.83008817
2016-12-31,0.00848081,0.00862798,0.00825101,0.00833002,2082.87971904
2017-01-01,0.008335,0.0089306,0.008001,0.0082,5968.97586987
2017-01-02,0.00819922,0.008433999999999999,0.007823,0.00822048,5162.78463995
2017-01-03,0.00821774,0.00975,0.00803322,0.00928,12499.79490796
2017-01-04,0.00928799,0.010099,0.009000000000000001,0.009745,14953.47193055
2017-01-05,0.009745,0.0104479,0.00925111,0.01018516,15295.67061386
2017-01-06,0.01017179,0.01164452,0.010100000000000001,0.011271999999999999,15134.91758215
2017-01-07,0.01127199,0.01186993,0.010110000000000001,0.0108305,10469.43450518
2017-01-08,0.010830399999999999,0.011489,0.010513,0.01130598,5662.5658732
2017-01-09,0.011306,0.01219876,0.011,0.01152505,12787.67793399
2017-01-10,0.011513520000000001,0.0119178,0.011221,0.011595,5192.74022186
2017-01-11,0.011594799999999999,0.012449990000000001,0.01141613,0.01233044,10840.9458508
2017-01-12,0.01233107,0.01263,0.01189914,0.01205061,6076.68242093
2017-01-13,0.01205057,0.01221149,0.01145,0.01172708,4900.32327332
2017-01-14,0.01172708,0.01199998,0.011458999999999999,0.01183501,2636.75509223
2017-01-15,0.011843999999999999,0.012098999999999999,0.01176996,0.01185899,1863.66209772
2017-01-16,0.011850000000000001,0.011887990000000001,0.01140236,0.011524999999999999,3293.0883517
2017-01-17,0.01153499,0.011890000000000001,0.011028,0.01131758,6320.5431945
2017-01-18,0.01133002,0.01178128,0.01131001,0.01154172,2928.44568949
2017-01-19,0.011541590000000001,0.011640000000000001,0.01131,0.011548010000000001,2197.16183801
2017-01-20,0.01154101,0.012100000000000001,0.01152515,0.01183,4188.9120267
2017-01-21,0.011809150000000001,0.01200099,0.01128,0.01183701,4367.89022837
2017-01-22,0.01183701,0.01184665,0.011510000000000001,0.011559990000000001,1988.86969262
2017-01-23,0.01156017,0.01178682,0.01151007,0.01178682,1964.30297243
2017-01-24,0.01178682,0.01196,0.011608,0.011939990000000001,2239.95088109
2017-01-25,0.011939990000000001,0.011939990000000001,0.01165558,0.01171993,1547.9633179
2017-01-26,0.01171992,0.01175603,0.011370000000000002,0.01152501,3157.39855029
2017-01-27,0.01152501,0.011554,0.011300010000000001,0.011453950000000001,2189.76040611
2017-01-28,0.01144895,0.01151672,0.01126135,0.011481,1466.07686592
2017-01-29,0.011481,0.01150346,0.011311110000000001,0.0114265,928.95969069
2017-01-30,0.01142702,0.011720000000000001,0.01134551,0.011469990000000001,2230.83417361
2017-01-31,0.01146101,0.011505,0.01093784,0.01104601,4033.22936652
2017-02-01,0.011046,0.0112,0.010671,0.01082706,3921.41305082
2017-02-02,0.01082706,0.01086405,0.01065569,0.01068001,2437.20391339
2017-02-03,0.01068799,0.010818999999999999,0.010400000000000001,0.010803,3362.08658224
2017-02-04,0.010817,0.011229,0.010790000000000001,0.010962060000000001,3713.28491871
2017-02-05,0.01095701,0.011143430000000001,0.0109,0.01101004,1278.13536263
2017-02-06,0.011035,0.01109599,0.01085001,0.011025,1421.63501635
2017-02-07,0.01100047,0.01111403,0.01084507,0.01087199,1499.76591722
2017-02-08,0.01087199,0.01089,0.01061028,0.010749990000000001,2151.45679905
2017-02-09,0.010749990000000001,0.011304999999999999,0.01060703,0.01107381,6199.16025933
2017-02-10,0.01107381,0.01158822,0.011056970000000001,0.01136674,3452.34881988
2017-02-11,0.01136674,0.01148275,0.011141999999999999,0.01126101,2042.70997923
2017-02-12,0.01126101,0.01140697,0.01121496,0.01140697,1308.72671268
2017-02-13,0.01140678,0.01146204,0.011210320000000001,0.011342999999999999,1563.70631818
2017-02-14,0.011342999999999999,0.0135,0.01132117,0.01292041,14708.41018927
2017-02-15,0.01292041,0.012969070000000001,0.01249868,0.0127406,5212.86859354
2017-02-16,0.01277799,0.01277799,0.01211361,0.01237207,4884.01748393
2017-02-17,0.01238404,0.012410000000000001,0.01190195,0.012069990000000001,2921.64047003
2017-02-18,0.012069,0.01214999,0.011880000000000002,0.012140000000000001,2342.76334019
2017-02-19,0.01212,0.01225034,0.01202515,0.012147999999999999,1687.19955879
2017-02-20,0.012147999999999999,0.012400999999999999,0.01114739,0.01130003,3889.24165308
2017-02-21,0.011326,0.01170547,0.01120004,0.011329210000000001,4061.17516575
2017-02-22,0.011331899999999999,0.0115712,0.011031,0.01122001,2689.8851091
2017-02-23,0.01121555,0.011418,0.011040000000000001,0.011170000000000001,2570.58255806
2017-02-24,0.011170000000000001,0.01150461,0.010628,0.01104639,5163.63041121
2017-02-25,0.01104639,0.011990230000000001,0.01095612,0.011751,4559.85231882
2017-02-26,0.011751,0.012440000000000001,0.0115348,0.01239751,5415.14965884
2017-02-27,0.01239751,0.0132,0.01206166,0.012974,8629.24514612
2017-02-28,0.012960000000000001,0.01345997,0.0126,0.01327,17937.22990032
2017-03-01,0.01327036,0.01425,0.012674,0.01411201,10341.80710959
2017-03-02,0.01411201,0.01539997,0.01359903,0.01507501,19722.24205841
2017-03-03,0.01509808,0.016333,0.01425,0.0151,22136.39871108
2017-03-04,0.0151,0.01562999,0.014560000000000002,0.01456294,4795.41825839
2017-03-05,0.01456294,0.015340000000000001,0.014386,0.0150999,4560.76376699
2017-03-06,0.015094960000000001,0.01577478,0.0148699,0.01525399,5812.66929534
2017-03-07,0.01525401,0.01563,0.01492476,0.01528057,7719.3985883
2017-03-08,0.01528057,0.01538368,0.01436987,0.01442511,8685.07738376
2017-03-09,0.01442509,0.014974999999999999,0.013900000000000001,0.014810760000000001,5024.19773356
2017-03-10,0.0148107,0.018061999999999998,0.01382688,0.017428390000000002,21942.50048954
2017-03-11,0.01735679,0.01870736,0.01623228,0.018150140000000002,16568.30877082
2017-03-12,0.01815069,0.01949,0.01784,0.019024720000000002,16015.56410704
2017-03-13,0.01903646,0.0253,0.01900002,0.022876999999999998,62234.29551439
2017-03-14,0.02291101,0.02439032,0.021,0.022949940000000002,26293.12474883
2017-03-15,0.022949940000000002,0.0279,0.022500000000000003,0.02789999,41008.68671164
2017-03-16,0.0279,0.040699,0.02752283,0.038680000000000006,112142.73955672
2017-03-17,0.038680000000000006,0.047400000000000005,0.032380000000000006,0.04168,130148.05965226
2017-03-18,0.04168,0.042,0.03189799,0.035,73298.51039586
2017-03-19,0.035,0.04389996,0.03499999,0.04224002,55468.04322275
2017-03-20,0.042245,0.04385083,0.0388,0.0408,50044.67766947
2017-03-21,0.04080293,0.04125278,0.0371,0.038093999999999996,23123.10541719
2017-03-22,0.038093999999999996,0.041101,0.036500000000000005,0.04000001,28178.78217105
2017-03-23,0.040001999999999996,0.042896,0.038400000000000004,0.041811350000000004,29508.69875054
2017-03-24,0.041811350000000004,0.05789989,0.04139918,0.056400000000000006,88737.04110382
2017-03-25,0.056399990000000004,0.0575,0.05011517,0.052548,85090.52260299
2017-03-26,0.0525474,0.05417711,0.04823277,0.05220508,44438.77799358
2017-03-27,0.05240495,0.05329541,0.045602830000000004,0.04689399,38595.30941956
2017-03-28,0.04690374,0.049300000000000004,0.045741580000000004,0.0482251,31447.93675496
2017-03-29,0.04830099,0.05298799,0.04770101,0.05072,45413.25451006
2017-03-30,0.05070504,0.0519947,0.049010000000000005,0.049803,23015.17159567
2017-03-31,0.049803,0.049892,0.0432,0.045922,40367.03754951
2017-04-01,0.04592201,0.048400000000000006,0.04389899,0.04623951,30867.7175119
2017-04-02,0.04623952,0.04734826,0.03531,0.04370309,41931.99643121
2017-04-03,0.043703099999999995,0.04387925,0.03700012,0.03819766,54856.67355628
2017-04-04,0.03819766,0.0405111,0.035510799999999995,0.03877701,48857.59101176
2017-04-05,0.03886498,0.042468820000000004,0.03855731,0.03969998,26792.93956283
2017-04-06,0.03965901,0.0399034,0.03343,0.036180000000000004,40485.27407273
2017-04-07,0.03617999,0.03783,0.0346,0.03528362,23918.50140359
2017-04-08,0.03528362,0.042440000000000005,0.03528362,0.037474,23429.6529609
2017-04-09,0.037405,0.03772527,0.03554014,0.03609801,17126.6029168
2017-04-10,0.03610302,0.03708997,0.03514101,0.03615636,9527.76249913
2017-04-11,0.03615636,0.03718684,0.0354012,0.03569304,9294.99925984
2017-04-12,0.03569304,0.0407,0.03555921,0.03810601,22035.85613042
2017-04-13,0.03810135,0.044,0.037954999999999996,0.04249997,40262.14436323
2017-04-14,0.042475399999999996,0.04267001,0.03902659,0.04012602,23633.33163153
2017-04-15,0.04012602,0.04300003,0.03931001,0.041500999999999996,18921.67455827
2017-04-16,0.04158539,0.04162094,0.0403402,0.04100496,7897.7656883
2017-04-17,0.04100496,0.04124999,0.038400000000000004,0.04009989,11115.0784842
2017-04-18,0.04009988,0.0419625,0.03965728,0.04136,12736.82369231
2017-04-19,0.0413589,0.04210002,0.03627659,0.03925,17071.35636817
2017-04-20,0.03929999,0.040350000000000004,0.038443,0.03983678,19469.60036161
2017-04-21,0.03983678,0.03986000000000001,0.03814,0.03863579,10208.0408983
2017-04-22,0.0386371,0.03984998,0.03845243,0.03895548,7758.41922288
2017-04-23,0.038897,0.039582,0.0383,0.03919504,6997.98224465
2017-04-24,0.03919344,0.04048775,0.03919344,0.03990015,12548.36286232
2017-04-25,0.039900160000000004,0.04007898,0.038900000000000004,0.03911949,6887.16848137
2017-04-26,0.03921999,0.04179945,0.039001999999999995,0.041035999999999996,24587.61099343
2017-04-27,0.041035999999999996,0.04748514,0.040506,0.0472551,58610.05656686
2017-04-28,0.04726004,0.0545,0.04661145,0.053457,81125.59221538
2017-04-29,0.05345701,0.0545,0.04965219,0.0514001,38333.56652734
2017-04-30,0.05149988,0.0589,0.05142337,0.05823999,52152.27349351
2017-05-01,0.058100000000000006,0.060500000000000005,0.048600199999999996,0.05300004,88752.63069381
2017-05-02,0.05303879,0.055,0.04913000000000001,0.05251799,44282.81735184
2017-05-03,0.05251799,0.05460623,0.0507701,0.05311562,28998.92624102
2017-05-04,0.053115630000000004,0.0631,0.05233706,0.06150021,67251.75386122
2017-05-05,0.06167282,0.06301000000000001,0.0565,0.059300000000000005,70489.32694035
2017-05-06,0.059300000000000005,0.060750000000000005,0.05750085,0.0604899,26809.50552949
2017-05-07,0.060489930000000004,0.062200000000000005,0.0555,0.05839985,34880.39046676
2017-05-08,0.05833034,0.05858594,0.052000000000000005,0.05209979,45255.45301831
2017-05-09,0.05209979,0.053692460000000004,0.0386482,0.05060001,69968.26345145
2017-05-10,0.05060001,0.05287537,0.047800010000000004,0.0492,26636.6607069
2017-05-11,0.04922437,0.05076366,0.0468,0.04799003,21883.0921809
2017-05-12,0.04799004,0.051710000000000006,0.046875,0.0502,23571.46776366
2017-05-13,0.0502,0.0517,0.0485,0.049250010000000004,10637.75048422
2017-05-14,0.049250010000000004,0.05030002,0.048310000000000006,0.04979914,8730.32646134
2017-05-15,0.04958006,0.05499999,0.04950827,0.05210048,28184.81075607
2017-05-16,0.05210048,0.05394179,0.04807501,0.04947899,24222.1106685
2017-05-17,0.04947999,0.049782980000000004,0.04631331,0.04790839,22834.21709336
2017-05-18,0.04790839,0.05285,0.047800999999999996,0.050724,23422.79754908
2017-05-19,0.05060499,0.0658735,0.050053230000000004,0.06317,79008.83897761
2017-05-20,0.06319999,0.0653,0.05825,0.05971611,45131.10624118
2017-05-21,0.05976382,0.07238998,0.058300000000000005,0.07229998,59366.50953181
2017-05-22,0.07220001,0.08650000000000001,0.06685,0.07468504000000001,127417.39220992
2017-05-23,0.07466207,0.078,0.06779999,0.07445,45079.18164319
2017-05-24,0.07445,0.08471099,0.07323992,0.07682554,63256.26669169
2017-05-25,0.07676229999999999,0.07974999,0.07160546,0.07480009,53012.53044626
2017-05-26,0.07477659,0.0771,0.07065389,0.07206974000000001,33446.60110433
2017-05-27,0.07206972,0.07790003,0.06420000000000001,0.07580006,58455.17500201
2017-05-28,0.07580006,0.08070000000000001,0.07485,0.0785606,35911.33489336
2017-05-29,0.07856062,0.08632026,0.07661982,0.08580023,43449.11870543
2017-05-30,0.08580023,0.11298319,0.08228378,0.10580019,139565.85492241
2017-05-31,0.10580019,0.10819996,0.0942,0.09969489999999999,109955.58095396
2017-06-01,0.09969999,0.09988187,0.08801913,0.09154499,64242.04645717
2017-06-02,0.09154499,0.0955,0.08894,0.08932999,32596.10363938
2017-06-03,0.08929989,0.09168000000000001,0.08549152,0.088,28820.87647999
2017-06-04,0.088,0.10042999,0.08794301,0.09712000000000001,58822.74154009
2017-06-05,0.09712000000000001,0.09789498,0.09161000000000001,0.09170021,30707.13473233
2017-06-06,0.09170021,0.09447566,0.08630998000000001,0.09179996,39116.46911427
2017-06-07,0.09209998,0.0951735,0.09165837,0.09480958,20915.31192291
2017-06-08,0.09485213,0.09572000000000001,0.09199999,0.0926,17810.27688723
2017-06-09,0.09240000000000001,0.09989,0.092399,0.09910001,25529.77897223
2017-06-10,0.09910001,0.122,0.09880479,0.11647888,88709.64351463
2017-06-11,0.11647888,0.12285000000000001,0.10738912,0.11380986,82097.47265543
2017-06-12,0.11380986,0.15123937,0.11341001,0.15020004,181655.98735522
2017-06-13,0.15020004,0.1529664,0.12849523000000002,0.1436,105384.0303563
2017-06-14,0.14359999,0.14405968,0.1350003,0.1401,53005.44803799
2017-06-15,0.14010001,0.14283869999999999,0.12940000000000002,0.14250191,80639.47539111
2017-06-16,0.14250191,0.14491,0.13687000000000002,0.14275711,34567.37719298
2017-06-17,0.14275711,0.14299089,0.137,0.13975,31031.25904149
2017-06-18,0.13975,0.144111,0.1381001,0.14024989000000002,31233.79742277
2017-06-19,0.14019957,0.1416,0.13802211,0.1381,24169.06541133
2017-06-20,0.13828000000000001,0.14120000000000002,0.11300001,0.13029997000000001,63173.34690217
2017-06-21,0.13029996,0.1337,0.11050454,0.12350000000000001,68069.59166808
2017-06-22,0.12366869999999999,0.1253,0.11652499999999999,0.12062,30546.98383553
2017-06-23,0.120991,0.1251002,0.11853485,0.12158461,23272.72850007
2017-06-24,0.12158462,0.12238549,0.11821000000000001,0.11863000000000001,15325.38122113
2017-06-25,0.11863000000000001,0.120499,0.103574,0.11131194,50494.82218697
2017-06-26,0.11110011,0.1145,0.09266236,0.105,87709.10377746
2017-06-27,0.105,0.1121,0.09280000000000001,0.11179999,58795.15054461
2017-06-28,0.11179999,0.12500699,0.10570467,0.12388996000000001,68822.1560948
2017-06-29,0.12388998,0.12649999,0.11354683,0.11544934,52363.35647839
2017-06-30,0.11544934,0.12039999,0.1105,0.11400002000000001,37641.86481789
2017-07-01,0.11400002000000001,0.11420759999999999,0.1050436,0.10874293,39030.92719549
2017-07-02,0.10870275,0.116905,0.10590000000000001,0.11321418,29698.13595029
2017-07-03,0.11321418,0.11365000000000001,0.10763941,0.10865144,19242.22126455
2017-07-04,0.1085158,0.10890000000000001,0.106,0.10728362,4429.60275395
2017-07-05,0.1033,0.10540000000000001,0.0984,0.10185681,22840.40783121
2017-07-06,0.10166632,0.10560101000000001,0.10021288,0.10235998,15664.08243628
2017-07-07,0.10235997000000001,0.1033,0.0956,0.09637649,19512.0804121
2017-07-08,0.09633197,0.0983,0.09314993,0.09631526,19436.02416807
2017-07-09,0.09630001,0.09798000000000001,0.09428801,0.0949662,10233.73643392
2017-07-10,0.0949662,0.09550351,0.083,0.08770298,34731.38108049
2017-07-11,0.08770298,0.09099999,0.07428721,0.08261191,65037.4580514
2017-07-12,0.08261191,0.09490001,0.078551,0.09433887,44729.7950522
2017-07-13,0.0942,0.09445794,0.08261931,0.08763502000000001,30292.64240668
2017-07-14,0.08779,0.08999998000000001,0.08288271,0.08897909999999999,29934.87129244
2017-07-15,0.08897911,0.09146884,0.0854,0.08580499999999999,23211.54927704
2017-07-16,0.08590004,0.08644692,0.074,0.08127000000000001,67160.75159862
2017-07-17,0.08127001,0.08640271000000001,0.08062058,0.08540002000000001,38567.04647363
2017-07-18,0.08549993,0.1115,0.0825,0.09848001,82461.90742081
2017-07-19,0.09848001,0.1026699,0.08320000000000001,0.08638000000000001,74728.84033258
2017-07-20,0.08638000000000001,0.09481471,0.07320001,0.0791,57964.28680137
2017-07-21,0.079,0.0864,0.07819239,0.08131685,35589.90961614
2017-07-22,0.08143597,0.08392838,0.079,0.08176635,16441.55646981
2017-07-23,0.08176635,0.08386799,0.08070988,0.08312000000000001,14335.815838
2017-07-24,0.08314332,0.08349988,0.08146705,0.08185,7577.65891749
2017-07-25,0.08185,0.0819,0.07499739999999999,0.07934000000000001,22814.72916096
2017-07-26,0.07933582,0.0816,0.0777,0.0804,11958.51243584
2017-07-27,0.08040307000000001,0.08049,0.07566482000000001,0.07622632,10388.91777979
2017-07-28,0.07621,0.07630222,0.06612000000000001,0.06861999,30697.60862249
2017-07-29,0.06861999,0.07822799999999999,0.06620000000000001,0.07626000000000001,21769.87329854
2017-07-30,0.07629232,0.078,0.07048894,0.07090508,16122.56551901
2017-07-31,0.07094367,0.07286518,0.06630005,0.07035614,14408.06850702
2017-08-01,0.07035614,0.08486927,0.07034611,0.08299195,33971.59808789
2017-08-02,0.08289001,0.08420361,0.0793485,0.08065843,13026.03114157
2017-08-03,0.08060001,0.08403702,0.07976265,0.08050219,9372.88877242
2017-08-04,0.08050648,0.0819,0.07679924,0.07719621,9204.671302
2017-08-05,0.0772,0.0784807,0.0709224,0.07794252,17515.72123663
2017-08-06,0.07794252,0.08389944,0.07740000000000001,0.08201997,16441.84286399
2017-08-07,0.08201997,0.08267493000000001,0.07860079,0.0793999,9205.6108274
2017-08-08,0.07941164,0.08789053000000001,0.0784475,0.08661057,19537.83668595
2017-08-09,0.08661057,0.09375000000000001,0.08557729,0.08814987,35677.14816657
2017-08-10,0.08825053000000001,0.09060009000000001,0.08680005,0.08690003,10502.92706642
2017-08-11,0.08699758,0.08842485,0.083,0.08480587,13291.50994352
2017-08-12,0.08483788,0.0882,0.08261932,0.08261999,6204.13332376
2017-08-13,0.07938626,0.07968,0.050100000000000006,0.07198376000000001,32510.05028964
2017-08-14,0.07324409999999999,0.07635721,0.07077373,0.07273391,7247.43352415
2017-08-15,0.069092,0.07213708,0.06534553,0.06889139,19112.75472423
2017-08-16,0.06890399999999999,0.0734,0.06852943,0.06876,14589.43888291
2017-08-17,0.06876,0.07114999,0.06850001,0.07010048,9696.52054537
2017-08-18,0.07019997,0.07290599,0.06923107,0.071321,10908.47651104
2017-08-19,0.071321,0.072988,0.07,0.07058675,12841.66682292
2017-08-20,0.07068957000000001,0.07371000000000001,0.07040014,0.07352502,7213.58987241
2017-08-21,0.0735001,0.08704373,0.07171659999999999,0.0805,39587.12136232
2017-08-22,0.08050002,0.08628002,0.07536403,0.07660172,23005.80795214
2017-08-23,0.07657582,0.07935,0.075,0.07658963,10637.5935641
2017-08-24,0.07658000000000001,0.07905251,0.07415395,0.07540000000000001,10010.11789593
2017-08-25,0.07540000000000001,0.07764157000000001,0.07435522,0.07552346,6980.8813376
2017-08-26,0.07552344,0.07844278,0.07530964,0.07663076,7336.82383453
2017-08-27,0.07666266000000001,0.08043005,0.07551001,0.080359,7433.65088189
2017-08-28,0.08043005,0.0815,0.07829799999999999,0.079203,9636.92011395
2017-08-29,0.07930646,0.0848,0.07895,0.08120000000000001,14973.30682004
2017-08-30,0.08119999,0.0848,0.08030001,0.08367435000000001,14103.19459743
2017-08-31,0.08375221000000001,0.08384557000000001,0.08142009,0.08194806,8525.89845336
2017-09-01,0.08194805000000001,0.08337873,0.0791989,0.07955000000000001,10290.66484261
2017-09-02,0.07961198,0.07979731,0.07320379,0.07642043,14589.68255959
2017-09-03,0.076415,0.07846777,0.075,0.07633602,7036.77109564
2017-09-04,0.07633602,0.07643296000000001,0.06668491,0.07038424,26379.91824665
2017-09-05,0.0705094,0.07233939,0.0671121,0.07229587,14439.79073786
2017-09-06,0.07214748,0.07428893,0.07195373000000001,0.07343771,7312.76221035
2017-09-07,0.07343771,0.0737997,0.07124645,0.07257149,4999.42275615
2017-09-08,0.07257149,0.0726815,0.0687,0.07076661000000001,8984.51874948
2017-09-09,0.07076661000000001,0.07096872,0.06939141,0.07022015,3655.65960639
2017-09-10,0.07022017,0.07100999,0.0687,0.07042000000000001,5284.65397234
2017-09-11,0.0704456,0.07218059,0.06970324,0.07067312,5369.24069558
2017-09-12,0.0709,0.07250000000000001,0.07000005000000001,0.07069798000000001,6341.46438218
2017-09-13,0.07069999,0.07150000000000001,0.06733991,0.07131701,8709.83162908
2017-09-14,0.07144642,0.07169618,0.06720000000000001,0.069002,13045.76081586
2017-09-15,0.069002,0.07139999,0.067,0.06987499,16377.66299052
2017-09-16,0.06986499,0.0704,0.0681034,0.06888254,6904.92568456
2017-09-17,0.06885831,0.07032898,0.06803079000000001,0.069996,3917.53152065
2017-09-18,0.06999599000000001,0.0757,0.06980295,0.07260001,10447.65613909
2017-09-19,0.07277436,0.0733,0.0716,0.07254712,5470.65081437
2017-09-20,0.07259998000000001,0.07331556,0.07183003,0.07317597,2977.42679863
2017-09-21,0.07330895,0.07372753,0.07050000000000001,0.07125000000000001,5813.09797397
2017-09-22,0.07125000000000001,0.07295112000000001,0.0711,0.07287635,4433.52202749
2017-09-23,0.07286000000000001,0.07566152,0.07200009,0.07565939,4409.82210374
2017-09-24,0.07565939,0.07829816,0.07562789,0.07700385,5720.99538927
2017-09-25,0.07700385,0.07729997,0.07484013,0.07531107000000001,4158.20880458
2017-09-26,0.07531107000000001,0.07539578,0.07357195,0.07425663,4523.42544456
2017-09-27,0.07425925,0.07455997,0.07232062,0.07355961,5193.88257551
2017-09-28,0.07379995,0.07400237,0.07187879999999999,0.07226522,5072.89025859
2017-09-29,0.07226522,0.0724781,0.06935356,0.0702121,5630.24556438
2017-09-30,0.07033739,0.07076002,0.069422,0.06956265,2203.73563809
2017-10-01,0.06956265,0.07006446,0.068979,0.068979,2162.27672211
2017-10-02,0.068979,0.06913605,0.06700101,0.06750122,2929.61107774
2017-10-03,0.06767729,0.06877808,0.06700001,0.06766788,2914.46140003
2017-10-04,0.06772709,0.07089294,0.06760093,0.06921000000000001,3158.91931981
2017-10-05,0.06921000000000001,0.06977883,0.06760000000000001,0.06826399999999999,3009.34885111
2017-10-06,0.06833199999999999,0.07100000000000001,0.06785000000000001,0.0708,2525.15240321
2017-10-07,0.07082499,0.0720001,0.06998407,0.07027516,3236.87970236
2017-10-08,0.07027,0.07050000000000001,0.06688704,0.06710542,3329.08676961
2017-10-09,0.06720778,0.06759295,0.0583282,0.062192,11709.60938201
2017-10-10,0.06219201,0.06357302000000001,0.060065270000000004,0.06269601,5236.75386855
2017-10-11,0.06272601,0.06370583,0.06160406,0.06278199999999999,3124.78508217
2017-10-12,0.06289999,0.06355719,0.05152271,0.05569299,11104.25871786
2017-10-13,0.055557999999999996,0.062199990000000004,0.05061,0.05987497,19815.436144
2017-10-14,0.0597,0.06184899,0.05719999,0.0580575,5320.22780797
2017-10-15,0.05795556,0.06057999,0.05696713,0.0591,4817.9489186
2017-10-16,0.0591,0.06243318,0.057600000000000005,0.05795139,7711.48836631
2017-10-17,0.05791,0.0585712,0.05500001,0.05634201,4672.66836661
2017-10-18,0.05643494,0.057681170000000004,0.05549101,0.05618001,3747.31991474
2017-10-19,0.05618001,0.05657216,0.05327689,0.05388001,3090.41168419
2017-10-20,0.053880000000000004,0.05438518,0.04928106,0.050510000000000006,5031.36344268
2017-10-21,0.050510000000000006,0.05086521,0.04700001,0.0499,5505.13497504
2017-10-22,0.0498193,0.051500000000000004,0.04887383,0.04922999,3720.04059946
2017-10-23,0.04917404,0.04950014,0.04668836,0.048190460000000004,5009.7325387
2017-10-24,0.04820492,0.05636794,0.04820492,0.053760999999999996,10574.72238392
2017-10-25,0.053760999999999996,0.054400540000000004,0.0516,0.05170319,2881.73111644
2017-10-26,0.05160966,0.052360199999999996,0.0495,0.05010204,2672.99779638
2017-10-27,0.050091,0.05195051,0.049584460000000004,0.0514873,2113.21625245
2017-10-28,0.05148729,0.0521,0.050210330000000004,0.05129128,1737.87015533
2017-10-29,0.05129129,0.054001,0.04888144,0.04933001,4973.72620449
2017-10-30,0.04933001,0.05074218,0.04928083,0.050030000000000005,2651.93125135
2017-10-31,0.050003,0.05062875,0.046895730000000004,0.04698104,3494.73775257
2017-11-01,0.047157,0.04777891,0.0426,0.04270211,6820.04632866
2017-11-02,0.042702830000000004,0.04334915,0.03750016,0.040600000000000004,15374.77050424
2017-11-03,0.040600000000000004,0.0436111,0.03929999,0.042657560000000004,7486.64552644
2017-11-04,0.04265,0.0432,0.03960301,0.04057501,4447.02893525
2017-11-05,0.04057502,0.04109001,0.03884282,0.03986501,3441.88695856
2017-11-06,0.03986501,0.0435999,0.039800050000000003,0.04278131,6271.13099323
2017-11-07,0.04280109,0.04280109,0.040753990000000004,0.0409787,4844.9376628
2017-11-08,0.041069,0.044500000000000005,0.03826064,0.041284999999999995,13369.36719929
2017-11-09,0.0412,0.04618572,0.041162699999999997,0.04492899,8014.12336313
2017-11-10,0.04470734,0.04686899,0.0435756,0.04551381,7710.30675232
2017-11-11,0.045312899999999996,0.05139162,0.0441,0.04954352,10232.5062306
2017-11-12,0.04954352,0.05581092,0.04639874,0.05202502,23833.46223878
2017-11-13,0.05205164,0.05429999,0.04634295,0.048200980000000004,14487.69461771
2017-11-14,0.04823791,0.05197352,0.047,0.0509,8271.51310616
2017-11-15,0.05085344,0.050899799999999995,0.044800440000000004,0.0455873,8205.9009039
2017-11-16,0.04550013,0.04638018,0.04097248,0.042,9376.04333141
2017-11-17,0.041961,0.043758450000000004,0.0405,0.043011999999999995,5973.03113132
2017-11-18,0.04301202,0.04487000000000001,0.04249711,0.0446781,4664.14055412
2017-11-19,0.0446781,0.048590499999999995,0.04300415,0.04417071,9171.30853421
2017-11-20,0.04417073,0.04554134,0.04359088,0.0446,4401.88840365
2017-11-21,0.04460001,0.04649562,0.04395001,0.04450065,4579.31317665
2017-11-22,0.04450065,0.04635457,0.04411,0.0463446,4509.43891689
2017-11-23,0.046340000000000006,0.052201199999999996,0.04571146,0.050921,11830.20685635
2017-11-24,0.05078001,0.05846067,0.048080000000000005,0.05746172,16084.12540966
2017-11-25,0.05746173,0.0591212,0.05284502,0.05284502,10450.76017236
2017-11-26,0.05284503,0.05299404,0.0476624,0.05058593,10231.09374257
2017-11-27,0.05058593,0.0509,0.0485,0.04880708,5819.78520067
2017-11-28,0.04871602,0.04941612,0.0463363,0.046956160000000004,6185.74663515
2017-11-29,0.04695617,0.04790613,0.0430465,0.0432,11763.89653519
2017-11-30,0.043300000000000005,0.04484464,0.04245008,0.04376999,5801.81120841
2017-12-01,0.04361472,0.044571,0.04220248,0.042447,3589.51804204
2017-12-02,0.042447,0.04265732,0.04160001,0.04181086,2484.74307189
2017-12-03,0.04196562,0.0422,0.040400000000000005,0.041286199999999995,3744.96791975
2017-12-04,0.04111955,0.04124731,0.039802,0.04009003,2702.00970535
2017-12-05,0.040090020000000004,0.04042957,0.0385,0.03897353,3220.56371752
2017-12-06,0.0388007,0.03896574,0.02900304,0.030330000000000003,11393.1135214
2017-12-07,0.030330000000000003,0.03232129,0.02471415,0.0248835,12328.16336915
2017-12-08,0.0248835,0.0317,0.023700000000000002,0.02775931,13334.94556606
2017-12-09,0.027880000000000002,0.03481323,0.02750002,0.03128671,8972.83844849
2017-12-10,0.03130411,0.03298,0.02778299,0.02863901,6245.21986296
2017-12-11,0.028636210000000002,0.031084999999999998,0.026822930000000002,0.03070002,5433.18053044
2017-12-12,0.03071,0.039022799999999996,0.029710000000000004,0.03744,15686.72404305
2017-12-13,0.03770609,0.0437376,0.036000000000000004,0.04271501,15872.30095507
2017-12-14,0.04287999,0.04606338,0.04,0.04182411,12936.404634
2017-12-15,0.041824099999999996,0.042099990000000004,0.03430032,0.03870147,9156.08842796
2017-12-16,0.03870147,0.040798999999999995,0.03477218,0.03548546,6153.4929898
2017-12-17,0.03550131,0.03862,0.03549001,0.03759999,5153.69321038
2017-12-18,0.03759997,0.04291531,0.037124410000000004,0.041559940000000004,6906.64367856
2017-12-19,0.041400030000000004,0.04712454,0.04080005,0.046195,11360.36936832
2017-12-20,0.046195,0.049290999999999995,0.04470977,0.048405,10913.15778114
2017-12-21,0.048400000000000006,0.0516,0.04751891,0.05046129,9360.66238278
2017-12-22,0.050364030000000004,0.05170662,0.04522923,0.04772999,13802.45902733
2017-12-23,0.04773,0.049047890000000004,0.04724401,0.0481872,4420.80831879
2017-12-24,0.04809988,0.049100000000000005,0.0471,0.04880993,4358.01336192
2017-12-25,0.04880993,0.05310686,0.04865901,0.051960610000000004,5966.76261918
2017-12-26,0.05215398,0.05349631,0.046001020000000004,0.04786923,5455.81898882
2017-12-27,0.04786923,0.04895000000000001,0.04619489,0.04782021,3386.61694893
2017-12-28,0.04788298,0.050620000000000005,0.04771698,0.04976002,3996.57578561
2017-12-29,0.04976002,0.0516999,0.04900756,0.05121999,4425.82650896
2017-12-30,0.05116099,0.05559998,0.05011001,0.05503,8381.57506265
2017-12-31,0.05501011,0.05584955,0.052273599999999996,0.053492990000000004,4247.9613337
2018-01-01,0.053492990000000004,0.057,0.05333865,0.056166560000000004,4235.28995236
2018-01-02,0.056343,0.06552603,0.05325005,0.058369250000000004,14812.9470795
2018-01-03,0.05835899,0.06428146,0.056501010000000004,0.06245044,8852.12965647
2018-01-04,0.06245043,0.06903000000000001,0.05982788,0.06355007,10808.0095133
2018-01-05,0.062040000000000005,0.06831006,0.05505992,0.057,12654.06913212
2018-01-06,0.057,0.06135071,0.05530592,0.05850001,6208.30920037
2018-01-07,0.05869929,0.0697,0.05840026,0.069,7617.45701398
2018-01-08,0.069,0.07986799,0.06897,0.0756,16418.89832639
2018-01-09,0.0756,0.09111107,0.07540281,0.08928219,13561.81435628
2018-01-10,0.08918999,0.09760001,0.082828,0.083801,20901.50723852
2018-01-11,0.08369,0.09179999,0.083606,0.085739,12560.01229107
2018-01-12,0.085739,0.09190872,0.08420073,0.09154961,6396.21669495
2018-01-13,0.09154961,0.1008,0.08958438,0.09739918,8552.84253898
2018-01-14,0.09739918,0.1,0.0951,0.0998005,5601.32271518
2018-01-15,0.09960000000000001,0.10079999,0.09104631,0.09370521,8111.42844268
2018-01-16,0.09398999,0.09685151,0.084,0.09219501000000001,15208.83957553
2018-01-17,0.09219501000000001,0.095,0.082,0.09175901,12525.80303338
2018-01-18,0.09175901,0.09233533000000001,0.0882,0.09039989999999999,6504.26868892
2018-01-19,0.09047299,0.09351632,0.08917653,0.08990000000000001,4524.8439819
2018-01-20,0.09015466,0.09129999,0.08542012,0.09,3069.86054803
2018-01-21,0.09022887,0.09263199,0.08897526,0.09111899,3391.28878695
2018-01-22,0.09100002,0.093,0.09030007,0.092362,4622.32471085
2018-01-23,0.0924499,0.09245,0.08893061000000001,0.091005,4663.14472596
2018-01-24,0.09099898000000001,0.094,0.09030139999999999,0.09319899999999999,4647.52914873
2018-01-25,0.09344118,0.0952005,0.09250001000000001,0.09388003,3510.75342246
2018-01-26,0.09419607,0.09711782000000001,0.09225000000000001,0.09464403,5081.91017301
2018-01-27,0.09461896,0.098,0.09397004,0.0974,2992.96339858
2018-01-28,0.09739999,0.10540745,0.09683000000000001,0.10516895,4555.85492929
2018-01-29,0.10529000000000001,0.10585149,0.10159468,0.10487099999999999,3831.28934175
2018-01-30,0.10449688,0.10800004,0.10269745,0.105726,5541.5521871
2018-01-31,0.10587776,0.11052139999999999,0.105,0.10949901000000001,4823.65696743
2018-02-01,0.10949902,0.12282435,0.10900504,0.11320997000000001,10970.64534526
2018-02-02,0.11280001,0.11338000000000001,0.0971234,0.10399639000000001,9581.19571939
2018-02-03,0.10395517,0.10756912,0.10292108,0.10561996,2798.2332834
2018-02-04,0.10561996,0.10589059,0.0992469,0.10103598,2919.94538197
2018-02-05,0.10085369999999999,0.10337899,0.09563468,0.10069629000000001,5809.00815717
2018-02-06,0.1006957,0.10296866,0.094,0.10217479,5909.18153647
2018-02-07,0.10217479,0.10248499,0.09860000000000001,0.09884071,2561.36603936
2018-02-08,0.09922401,0.10119643,0.09629528,0.09889639,2210.29301481
2018-02-09,0.09889751000000001,0.1016031,0.09868201,0.10117294,2405.01982409
2018-02-10,0.10096073,0.10130847,0.09879146,0.09970000000000001,2165.00652029
2018-02-11,0.09978788,0.10113793,0.09916000000000001,0.10027533,1123.99463854
2018-02-12,0.10051974,0.10059999,0.097,0.09737111,1590.17135085
2018-02-13,0.09743199999999999,0.09877645,0.09688801,0.09862101000000001,1475.76788989
2018-02-14,0.09862101000000001,0.09876999,0.096,0.09740499999999999,2189.83136455
2018-02-15,0.09740999,0.09740999,0.09085375,0.09219993,2960.44859947
2018-02-16,0.0922006,0.0945,0.09,0.09200161,2788.01044241
2018-02-17,0.09200161,0.09312089,0.08765,0.08794439999999999,2296.3341557
2018-02-18,0.08794437000000001,0.08952136000000001,0.08555116,0.08799999,2011.04742228
2018-02-19,0.08764602,0.08954061,0.08380113,0.084086,2414.42558539
2018-02-20,0.08408,0.08408,0.07725951,0.07871505,2924.40046808
2018-02-21,0.07871505,0.0818,0.07781666,0.08026000000000001,2609.44315715
2018-02-22,0.08026000000000001,0.08214659,0.07936129,0.08163565,1681.50023636
2018-02-23,0.08178201,0.08600000000000001,0.08156803,0.08429798000000001,2597.42268733
2018-02-24,0.08428799000000001,0.08657096,0.08,0.0861108,2582.40451342
2018-02-25,0.0861108,0.08865001,0.08593641,0.08775001,1553.12704017
2018-02-26,0.08788221,0.08934522,0.08345000000000001,0.08417178,2252.48792357
2018-02-27,0.08417178,0.0855,0.08158,0.08220979,1612.27478944
2018-02-28,0.08220979,0.08303237000000001,0.07985001,0.08250101,1453.83975217
2018-03-01,0.08272909,0.08291136,0.079232,0.07973505,1454.20613317
2018-03-02,0.07971911,0.07971911,0.07701443,0.077572,1448.73270633
2018-03-03,0.07756199999999999,0.07762309,0.0743562,0.0745,1139.64037495
2018-03-04,0.0745,0.07762994000000001,0.07438936,0.07511108,933.48095113
2018-03-05,0.0752772,0.07569962,0.07325000000000001,0.0740204,1606.57107036
2018-03-06,0.074,0.07640977,0.07378701,0.07601562,1779.1742394
2018-03-07,0.07601785,0.07675000000000001,0.07320897,0.07572987,1895.29685729
2018-03-08,0.075935,0.0772794,0.074389,0.07499979999999999,1435.55543986
2018-03-09,0.07499979999999999,0.0787398,0.0744857,0.07869939000000001,1899.31358055
2018-03-10,0.07845829,0.07973000000000001,0.07698158000000001,0.07756401,1124.79416094
2018-03-11,0.077569,0.0797205,0.07478798,0.07573099999999999,1492.84451575
2018-03-12,0.07573613,0.07741716,0.074214,0.07642739,1198.8026025
2018-03-13,0.07642739,0.0773021,0.07470491,0.07534602,1187.71166285
2018-03-14,0.07534602,0.07631846,0.07316167,0.07460313,1335.25334414
2018-03-15,0.07456002,0.07538299999999999,0.073,0.07379000000000001,1737.17407578
2018-03-16,0.07379000000000001,0.07440000000000001,0.07159452,0.0723892,991.45108953
2018-03-17,0.0723892,0.07367865,0.06977000000000001,0.06993999000000001,1162.09775812
2018-03-18,0.069935,0.069935,0.061833360000000004,0.06559499,4303.16179781
2018-03-19,0.06558499999999999,0.06690392,0.06323937,0.06470000000000001,1790.97178351
2018-03-20,0.06469999,0.06480916,0.0620758,0.06266502,1216.87677876
2018-03-21,0.06262501,0.06487548,0.06199998,0.06293499999999999,1446.75403295
2018-03-22,0.06293499999999999,0.06357365,0.0607616,0.06186301,1128.14964853
2018-03-23,0.06186301,0.06205419,0.06062005,0.06102101,744.44357352
2018-03-24,0.06100001,0.06146638,0.06,0.06104498,844.66130124
2018-03-25,0.061040000000000004,0.06239371,0.060719470000000005,0.06200001,825.18168265
2018-03-26,0.06200001,0.06208201,0.05905971,0.05979,1770.78175547
2018-03-27,0.05980266,0.05999959,0.056565,0.0574883,1601.50775131
2018-03-28,0.05747999,0.05800326,0.05592786,0.05619517,732.40691603
2018-03-29,0.05610502,0.05645948,0.054,0.054139980000000004,2009.83159705
2018-03-30,0.05412321,0.057585199999999996,0.054,0.05756998,1960.13674163
2018-03-31,0.057525,0.05905015,0.05627504,0.056865,1698.7812883
2018-04-01,0.056865,0.057063550000000005,0.05510524,0.055455,857.35917758
2018-04-02,0.055470000000000005,0.05577693,0.05342,0.05457722,1246.02429146
2018-04-03,0.054575,0.05615849,0.05377837,0.05611716,1183.13644546
2018-04-04,0.05611717,0.05622615,0.05257238,0.055740000000000005,1872.7970868
2018-04-05,0.05580075,0.0563805,0.055358399999999995,0.05628646,769.82714133
2018-04-06,0.05630501,0.05642478,0.055417060000000004,0.05589124,511.92496907
2018-04-07,0.05589124,0.056100000000000004,0.05506214,0.055904999999999996,383.48798461
2018-04-08,0.055904999999999996,0.05726085,0.055525,0.057050000000000003,553.37014677
2018-04-09,0.05704999,0.06036421,0.057023580000000004,0.058804999999999996,1863.75619173
2018-04-10,0.05880235,0.060825,0.058409199999999994,0.06075999,1135.49868274
2018-04-11,0.060704999999999995,0.06211073,0.06012547,0.06185804,2068.05832986
2018-04-12,0.061900000000000004,0.063,0.059300000000000005,0.06244039,2971.69113153
2018-04-13,0.06258496,0.06470000000000001,0.06153417,0.062665,3476.63747713
2018-04-14,0.06266478,0.0635,0.061694,0.06289,649.53378102
2018-04-15,0.06288,0.06399485,0.0523,0.06300024,1664.70276457
