2016-10-05,0.01298578,0.0182,0.012511,0.01450854,14074.49432364
2016-10-06,0.01450854,0.01504143,0.00982,0.011927,11876.50168114
2016-10-07,0.01192495,0.01329996,0.0103001,0.01085725,4670.19239111
2016-10-08,0.01085027,0.01179213,0.0098,0.01109387,2969.77662035
2016-10-09,0.01106098,0.012171,0.010400000000000001,0.01145935,3322.14022613
2016-10-10,0.01144003,0.012100000000000001,0.01052433,0.01069772,2627.71448703
2016-10-11,0.010599270000000001,0.01082867,0.008620000000000001,0.008965599999999999,2922.35360985
2016-10-12,0.0089815,0.00941994,0.0085,0.009299990000000001,1324.00614612
2016-10-13,0.00929005,0.01030999,0.00906001,0.00965623,1567.21787286
2016-10-14,0.00965043,0.00965043,0.008650000000000001,0.009000000000000001,1017.0149721
2016-10-15,0.00900005,0.00918769,0.00851479,0.00906744,523.00512792
2016-10-16,0.00897699,0.00904115,0.00869304,0.0089045,270.24640349
2016-10-17,0.00887257,0.00893278,0.007852370000000001,0.00789019,942.22580571
2016-10-18,0.00796983,0.008998550000000001,0.00785238,0.008526230000000001,1297.22620236
2016-10-19,0.00851635,0.00864999,0.00810043,0.00835805,346.18436318
2016-10-20,0.00835508,0.00835508,0.00802156,0.00807185,208.6429278
2016-10-21,0.00812796,0.0087654,0.00804354,0.00857922,352.96971645
2016-10-22,0.00857887,0.0085792,0.0078843,0.00811767,409.12927048
2016-10-23,0.008040799999999999,0.0083,0.0079,0.0080089,132.42958675
2016-10-24,0.008008910000000001,0.00815727,0.007850000000000001,0.007856450000000001,264.33936427
2016-10-25,0.00785009,0.00789825,0.00679442,0.00731831,505.22361655
2016-10-26,0.0073203999999999995,0.00800001,0.00708195,0.00752419,507.28434093
2016-10-27,0.007595080000000001,0.007726599999999999,0.0072019200000000005,0.0072584,381.94292259
2016-10-28,0.00726953,0.0072900000000000005,0.00640001,0.00642501,315.53169972
2016-10-29,0.0064556100000000005,0.00672065,0.00531251,0.00572005,585.06451389
2016-10-30,0.00582793,0.00669999,0.00575006,0.0066500000000000005,207.43147471
2016-10-31,0.00657008,0.0066500000000000005,0.0059469,0.0063229900000000006,212.27229798
2016-11-01,0.00632229,0.0063229900000000006,0.00462011,0.00553411,749.47886382
2016-11-02,0.00547002,0.00630495,0.005404,0.00594391,275.10775215
2016-11-03,0.00595929,0.00655812,0.00581832,0.0065493700000000005,455.71737893
2016-11-04,0.00654316,0.00667989,0.006200000000000001,0.00620167,609.52048187
2016-11-05,0.00623999,0.00833333,0.006200000000000001,0.00769841,650.52232581
2016-11-06,0.00760132,0.007787799999999999,0.00682525,0.00695562,521.74656674
2016-11-07,0.00693574,0.00735359,0.0066,0.00689863,468.64650876
2016-11-08,0.00684344,0.00689999,0.0066,0.00665449,272.10318929
2016-11-09,0.0066362800000000005,0.0067592500000000005,0.00560003,0.00616806,1079.73708996
2016-11-10,0.00615696,0.0070098,0.0060611,0.00686359,538.94113602
2016-11-11,0.00686359,0.0071,0.00650991,0.00674714,255.89380685
2016-11-12,0.00675292,0.0071789900000000005,0.00663492,0.00692175,269.10664782
2016-11-13,0.00691,0.00722548,0.00661006,0.00664001,141.52015288
2016-11-14,0.0066410900000000005,0.00672969,0.00615763,0.00615947,139.39633703
2016-11-15,0.00627009,0.00659998,0.00614416,0.0064581,222.73062142
2016-11-16,0.0064332999999999994,0.00649999,0.00606999,0.00611885,234.27315322
2016-11-17,0.00611777,0.00617611,0.006,0.00606455,269.01755274
2016-11-18,0.0060627400000000005,0.0060863900000000005,0.00534,0.00549121,583.9950865
2016-11-19,0.00576642,0.0069900000000000006,0.005451999999999999,0.00615668,3874.64782388
2016-11-20,0.0061499400000000004,0.00657469,0.0058000000000000005,0.006200000000000001,348.4844355
2016-11-21,0.00619999,0.0063765900000000006,0.00583409,0.0063300000000000006,152.76793471
2016-11-22,0.00633024,0.00638866,0.005750000000000001,0.00602011,173.54888847
2016-11-23,0.006,0.00608996,0.005770000000000001,0.00586132,96.81740285
2016-11-24,0.00588045,0.00596339,0.005531899999999999,0.00576906,168.7702454
2016-11-25,0.00569293,0.00583109,0.00551005,0.0056949999999999995,91.74867882
2016-11-26,0.0056949800000000005,0.00596002,0.00550232,0.0056228,149.27396666
2016-11-27,0.00562249,0.0057082800000000005,0.00542136,0.00553158,63.99793219
2016-11-28,0.0055249999999999995,0.0056018100000000005,0.0047729999999999995,0.00501926,413.33913828
2016-11-29,0.00501926,0.00519776,0.0049012100000000005,0.00494508,177.36054503
2016-11-30,0.00499997,0.005053,0.00479,0.00491329,93.88929086
2016-12-01,0.00491393,0.00494121,0.00461,0.00470367,131.09637932
2016-12-02,0.00471008,0.00475886,0.00410019,0.00427983,173.74668444
2016-12-03,0.00432152,0.00455,0.00410007,0.0045188,80.60128445
2016-12-04,0.00451741,0.00453351,0.004225,0.00427449,33.27732101
2016-12-05,0.00427449,0.00434399,0.00353872,0.0037357999999999996,149.033008
2016-12-06,0.0037164900000000002,0.00420155,0.0001,0.00390017,1130.61003098
2016-12-07,0.00399571,0.0045284900000000005,0.00362001,0.00417001,334.83285434
2016-12-08,0.00421,0.00449999,0.00409913,0.00419,157.68100177
2016-12-09,0.00417883,0.00454999,0.004,0.00418317,228.21467317
2016-12-10,0.00418261,0.00444838,0.00393683,0.00398891,230.13099944
2016-12-11,0.00395041,0.004221,0.00395001,0.00414489,37.66856285
2016-12-12,0.00413141,0.0041813300000000005,0.00395002,0.00403584,45.13045607
2016-12-13,0.00401526,0.00408204,0.0038,0.00395067,62.09926422
2016-12-14,0.00398521,0.00408656,0.00392498,0.00400073,35.78904126
2016-12-15,0.00395861,0.0040158600000000004,0.0037800000000000004,0.00379825,46.7395986
2016-12-16,0.00382056,0.00382065,0.00363087,0.00371388,83.07859964
2016-12-17,0.00369989,0.00373907,0.0035,0.00353501,94.33596057
2016-12-18,0.00353682,0.00397457,0.00353608,0.00393055,115.03519943
2016-12-19,0.00393055,0.00396117,0.0037,0.0037,63.89048229
2016-12-20,0.00370001,0.00383999,0.00341448,0.00348019,97.97650418
2016-12-21,0.00344043,0.00367913,0.00339247,0.0034759500000000002,155.17565141
2016-12-22,0.00344539,0.003493,0.0030491999999999997,0.003198,189.29515339
2016-12-23,0.00319438,0.0032810400000000003,0.00270039,0.00277186,249.63684403
2016-12-24,0.00271599,0.00320908,0.0027,0.00306734,93.4327875
2016-12-25,0.00306483,0.00387782,0.003,0.00308747,154.52543612
2016-12-26,0.0030521800000000003,0.00382301,0.0030518999999999998,0.00361698,146.11995939
2016-12-27,0.00362037,0.0038899900000000003,0.00352737,0.00367378,193.70628244
2016-12-28,0.0037,0.00400908,0.00332532,0.0033333300000000002,328.98876803
2016-12-29,0.00332846,0.00389443,0.00330001,0.00357137,192.69328829
2016-12-30,0.00356442,0.00408655,0.00347553,0.00384302,182.51567056
2016-12-31,0.0038455200000000003,0.00441137,0.00380911,0.00391062,158.89626367
2017-01-01,0.00388887,0.00402999,0.0036100000000000004,0.00400623,150.85226751
2017-01-02,0.00394761,0.004260000000000001,0.00377011,0.0041125,213.40607792
2017-01-03,0.00411231,0.00446165,0.0038139999999999997,0.00409081,282.11696054
2017-01-04,0.00409087,0.00445771,0.0040907999999999995,0.004260000000000001,244.15485775
2017-01-05,0.00425442,0.0050831,0.004131,0.00499765,570.99028498
2017-01-06,0.0050146999999999995,0.00572329,0.0047123600000000005,0.00572329,444.36922798
2017-01-07,0.00572329,0.00579924,0.00502,0.00515482,253.17945879
2017-01-08,0.00515481,0.005198899999999999,0.0048000000000000004,0.0050056300000000005,165.27939535
2017-01-09,0.00506416,0.00527779,0.0045001,0.00469312,236.26437753
2017-01-10,0.00469312,0.0048000000000000004,0.00456941,0.00456941,128.09045313
2017-01-11,0.00461724,0.0049,0.00453247,0.00481462,154.49082111
2017-01-12,0.00482463,0.0051,0.00464563,0.0051,80.24043056
2017-01-13,0.00509009,0.00530248,0.00501945,0.00521771,105.41591271
2017-01-14,0.00524587,0.00531236,0.00509202,0.00518977,139.02263676
2017-01-15,0.00520377,0.00524393,0.00494643,0.00499304,73.17680499
2017-01-16,0.0049945400000000004,0.00507438,0.00478461,0.00482542,64.96449269
2017-01-17,0.00483299,0.0049299800000000005,0.00470731,0.00477803,116.23418795
2017-01-18,0.00481365,0.00505999,0.00461107,0.00498765,161.6872032
2017-01-19,0.00498765,0.005049,0.00487777,0.00497777,63.24007403
2017-01-20,0.00497777,0.00504032,0.00489673,0.00494395,84.46836346
2017-01-21,0.00494411,0.00506048,0.0048297999999999995,0.00493781,92.0196979
2017-01-22,0.00496694,0.00506123,0.00490111,0.00504008,115.56047724
2017-01-23,0.00504008,0.0051,0.00495576,0.00498031,82.04647346
2017-01-24,0.00498031,0.0050193600000000005,0.0046091,0.00482335,172.12990758
2017-01-25,0.00487478,0.0049228300000000004,0.00471388,0.00480301,91.59756444
2017-01-26,0.00477975,0.0049615300000000005,0.0044813,0.00458001,227.19942221
2017-01-27,0.00448346,0.0048429300000000005,0.00432129,0.00469419,194.15500803
2017-01-28,0.00469362,0.00475081,0.00432002,0.0046111,200.26959745
2017-01-29,0.0046111,0.00472,0.0045632500000000005,0.00470306,81.97945423
2017-01-30,0.0046726400000000005,0.00470299,0.0045347,0.00458785,54.88145775
2017-01-31,0.0045609100000000005,0.00458999,0.0043500100000000005,0.00443846,57.42143238
2017-02-01,0.00443354,0.0044434,0.00415492,0.00425035,89.06049125
2017-02-02,0.00421806,0.0043621300000000005,0.00398131,0.00406677,67.55997083
2017-02-03,0.00406677,0.00424631,0.00384261,0.0039593,150.51270515
2017-02-04,0.00398573,0.0041800000000000006,0.0039528,0.00407198,88.1879276
2017-02-05,0.00407426,0.00413274,0.00401221,0.00404644,49.21465843
2017-02-06,0.00405185,0.0041800000000000006,0.00393007,0.00409167,80.03026931
2017-02-07,0.00409305,0.00416799,0.00394756,0.00406649,86.77147045
2017-02-08,0.00406661,0.00433712,0.00393342,0.00430988,119.11586252
2017-02-09,0.00429844,0.00449729,0.0042650100000000005,0.00434981,172.40548802
2017-02-10,0.004370000000000001,0.00441043,0.00417491,0.00422326,77.97663519
2017-02-11,0.00423078,0.00445716,0.0041994,0.00427665,68.04500364
2017-02-12,0.00429989,0.0045492200000000005,0.00425996,0.00452935,41.92574403
2017-02-13,0.00452935,0.00469195,0.00429,0.0043422999999999995,115.54875858
2017-02-14,0.00435978,0.00517999,0.00435978,0.0047024400000000004,271.74463037
2017-02-15,0.0047024400000000004,0.0048516900000000005,0.004651,0.00479345,117.64300599
2017-02-16,0.0048183,0.00505419,0.00471402,0.0047877300000000005,144.02829346
2017-02-17,0.0047877300000000005,0.0049171300000000005,0.00466512,0.00469453,102.20425536
2017-02-18,0.0046945500000000005,0.00488215,0.00465004,0.0048051,59.59344876
2017-02-19,0.0048051,0.00498,0.0048051,0.00494357,81.01594619
2017-02-20,0.00494552,0.0049505,0.00465001,0.0046719,122.9834276
2017-02-21,0.00465074,0.0047274,0.0041,0.00415561,167.33496944
2017-02-22,0.00415415,0.00429011,0.0040646,0.00422511,107.78067982
2017-02-23,0.00427463,0.0044201,0.00412441,0.00416348,54.37893994
2017-02-24,0.0041889,0.0042412,0.00370014,0.0040073,172.45033699
2017-02-25,0.00404977,0.00425,0.004,0.00416181,78.63889555
2017-02-26,0.00415999,0.00429722,0.00411165,0.00418299,62.19221764
2017-02-27,0.0042085,0.00424872,0.004045,0.00405002,56.92552845
2017-02-28,0.0040750100000000004,0.00407686,0.00370173,0.00383729,124.98422751
2017-03-01,0.00383729,0.00418393,0.0037432,0.00415368,176.76147036
2017-03-02,0.00415368,0.00529853,0.00401772,0.0046,724.59456548
2017-03-03,0.0046,0.0046226900000000005,0.00413,0.0045061,327.75949716
2017-03-04,0.00446275,0.00460001,0.00438948,0.00440088,117.48119552
2017-03-05,0.00440148,0.00483378,0.00432653,0.0047970999999999995,159.08169907
2017-03-06,0.00479711,0.004846,0.00456144,0.00467712,126.05709069
2017-03-07,0.00464165,0.00481239,0.00458623,0.00466512,122.66879317
2017-03-08,0.0046707,0.0047617,0.00459506,0.00462,69.32543999
2017-03-09,0.00462,0.00467633,0.00451786,0.00461359,139.55645026
2017-03-10,0.0045845999999999994,0.0054,0.00433387,0.0053362,322.75529779
2017-03-11,0.00533618,0.0054104999999999995,0.00497366,0.0051214400000000005,247.25941228
2017-03-12,0.00512117,0.00599478,0.00504904,0.00599478,438.69675561
2017-03-13,0.00599631,0.00699817,0.00591367,0.00627917,1004.30608058
2017-03-14,0.0062793400000000004,0.0068778400000000005,0.006050000000000001,0.00669068,587.22429517
2017-03-15,0.00669068,0.007944999999999999,0.00637204,0.007944999999999999,699.9515292
2017-03-16,0.007893530000000001,0.0086,0.00654384,0.00818903,2176.92786329
2017-03-17,0.00818902,0.00879998,0.00670994,0.00732779,1813.34968307
2017-03-18,0.0073117600000000005,0.00769655,0.00680385,0.00700001,762.72867751
2017-03-19,0.00700001,0.00834781,0.0069215100000000005,0.008140000000000001,920.83795371
2017-03-20,0.008140000000000001,0.008310000000000001,0.00738777,0.00783732,632.04045267
2017-03-21,0.00783732,0.00812143,0.00727621,0.00739644,383.71418718
2017-03-22,0.00739449,0.00936855,0.00735472,0.00877472,686.0115409
2017-03-23,0.00877462,0.009000000000000001,0.007800499999999999,0.00899939,695.63077381
2017-03-24,0.00899939,0.009876,0.00837508,0.009630399999999999,1085.89345622
2017-03-25,0.00963015,0.0099,0.00874862,0.00904157,1013.673936
2017-03-26,0.00904139,0.0093508,0.00775295,0.00903193,720.9268924
2017-03-27,0.00903194,0.00919974,0.008441510000000001,0.008657999999999999,355.87216332
2017-03-28,0.00867744,0.00876536,0.00829965,0.00875502,323.63684799
2017-03-29,0.00875504,0.0092,0.008604820000000001,0.0089518,426.20691176
2017-03-30,0.00887715,0.0098199,0.008833510000000001,0.00957066,662.74935275
2017-03-31,0.00957066,0.013097099999999999,0.00949273,0.01099874,3128.40130748
2017-04-01,0.010998570000000001,0.01259816,0.01063385,0.01168573,1368.63624742
2017-04-02,0.01164037,0.012046,0.0098088,0.01051524,1450.1449012
2017-04-03,0.01057459,0.01075469,0.008820000000000001,0.00950603,980.22134386
2017-04-04,0.00958258,0.00991441,0.00840001,0.009757499999999999,784.11238323
2017-04-05,0.00969694,0.009827840000000001,0.00884235,0.009224,526.87556402
2017-04-06,0.0092,0.00967456,0.007764,0.0088,693.95616424
2017-04-07,0.00879999,0.00891866,0.00801732,0.008076999999999999,272.97838213
2017-04-08,0.00811456,0.00860381,0.00807066,0.00841505,234.51329921
2017-04-09,0.00842962,0.00898437,0.00825865,0.0084111,300.45891879
2017-04-10,0.008414650000000001,0.0085,0.00811001,0.0084944,237.57649759
2017-04-11,0.0084944,0.00887389,0.00825178,0.00833648,253.04248543
2017-04-12,0.00833648,0.00881786,0.00818167,0.00881786,277.00492241
2017-04-13,0.00881786,0.00946205,0.00877791,0.00902846,265.47194553
2017-04-14,0.00906782,0.00931683,0.00853601,0.00924273,694.89727345
2017-04-15,0.00924271,0.00967087,0.0091206,0.00967087,401.64916139
2017-04-16,0.00960974,0.01044031,0.00956448,0.009930640000000001,605.31337997
2017-04-17,0.00989873,0.0114,0.00843195,0.00987005,899.25087292
2017-04-18,0.00983138,0.010480000000000001,0.00966305,0.01029564,288.51025052
2017-04-19,0.01029564,0.01042172,0.00963385,0.00979999,314.44607588
2017-04-20,0.00973213,0.01020868,0.00855,0.009170000000000001,474.46376449
2017-04-21,0.009170000000000001,0.00933959,0.00868732,0.00898113,345.14209742
2017-04-22,0.00890231,0.01018621,0.00874496,0.00975459,462.90443627
2017-04-23,0.00970883,0.00999,0.0092544,0.00960358,648.72682209
2017-04-24,0.00960357,0.0137,0.00940539,0.01109868,3311.31725685
2017-04-25,0.011035640000000001,0.01230983,0.01,0.01062511,1804.49710632
2017-04-26,0.01054247,0.01072,0.0097,0.009883610000000001,914.8650223
2017-04-27,0.009883610000000001,0.010700000000000001,0.00978,0.010471040000000001,1064.24353922
2017-04-28,0.010471040000000001,0.012,0.009834840000000001,0.01093246,1202.24495514
2017-04-29,0.01093085,0.0128233,0.010650000000000001,0.012724560000000001,1368.63899841
2017-04-30,0.012724560000000001,0.01299988,0.012,0.01243677,1824.83046489
2017-05-01,0.01251508,0.0138543,0.01051,0.011209470000000001,3145.29777303
2017-05-02,0.011209470000000001,0.0125,0.010570000000000001,0.01130686,1396.64622216
2017-05-03,0.01119102,0.01168307,0.010317080000000001,0.01107179,1474.95836776
2017-05-04,0.0111268,0.01162119,0.010884920000000001,0.01125429,1447.77726783
2017-05-05,0.01125431,0.01186164,0.010950000000000001,0.01101231,1450.10149932
2017-05-06,0.01110232,0.01132801,0.01093699,0.01109648,723.03228947
2017-05-07,0.01111139,0.011855,0.01081823,0.01081823,1162.68721798
2017-05-08,0.01084852,0.01095365,0.00985279,0.01014814,1343.32785992
2017-05-09,0.010148299999999999,0.01042287,0.00834374,0.009516740000000001,1101.62642547
2017-05-10,0.009516740000000001,0.009782299999999999,0.00881798,0.00961982,587.17022503
2017-05-11,0.00961982,0.010365570000000001,0.00923,0.00962663,829.74946348
2017-05-12,0.00965317,0.00999999,0.00932617,0.00976785,519.02146715
2017-05-13,0.00976786,0.00981887,0.00900261,0.00903925,347.35213216
2017-05-14,0.00903925,0.00953767,0.00898378,0.00953767,209.34455394
2017-05-15,0.00944643,0.00962813,0.00911331,0.0091716,311.76014518
2017-05-16,0.0091716,0.00929859,0.00808335,0.00816152,655.98517118
2017-05-17,0.00814999,0.00867,0.0068000000000000005,0.00849887,567.55061278
2017-05-18,0.00849887,0.00909866,0.008258999999999999,0.0084271,414.95018259
2017-05-19,0.00842711,0.00879806,0.00808536,0.00867915,458.79231806
2017-05-20,0.00867911,0.00906328,0.00822662,0.008537910000000001,565.13259353
2017-05-21,0.00849132,0.00911711,0.008213,0.00844499,682.7310031
2017-05-22,0.00844498,0.01004,0.00813784,0.009300000000000001,1327.65509483
2017-05-23,0.009299990000000001,0.016,0.009034470000000001,0.012801,6107.13596441
2017-05-24,0.01280101,0.013900000000000001,0.00938057,0.01112266,2244.96493484
2017-05-25,0.01096903,0.011980000000000001,0.0083,0.01033046,1589.77933347
2017-05-26,0.0102,0.01166903,0.00950532,0.0099419,658.47140978
2017-05-27,0.009944670000000001,0.01009998,0.00840107,0.01002331,765.54633614
2017-05-28,0.01002331,0.011120000000000001,0.009048510000000001,0.0094524,1108.32289011
2017-05-29,0.00939109,0.00993701,0.009000000000000001,0.009322,774.67057921
2017-05-30,0.00927502,0.010440000000000001,0.00922502,0.00939998,646.74690312
2017-05-31,0.00932,0.01021709,0.00921805,0.009600000000000001,651.1006621
2017-06-01,0.009600000000000001,0.01054999,0.009479630000000001,0.009803290000000001,664.23322839
2017-06-02,0.009803290000000001,0.01093056,0.00978445,0.00991537,791.95297913
2017-06-03,0.009915730000000001,0.01031181,0.009810010000000001,0.01029817,816.59767734
2017-06-04,0.01025101,0.01150577,0.01025101,0.01150577,563.96314772
2017-06-05,0.01150577,0.012393340000000001,0.01027391,0.01059999,1144.43548272
2017-06-06,0.01059047,0.01190011,0.01020281,0.0117,813.84600471
2017-06-07,0.01170001,0.013975,0.01140001,0.012803730000000001,2220.06903325
2017-06-08,0.01280364,0.01335542,0.011940000000000001,0.0126,754.09259726
2017-06-09,0.0126,0.01295227,0.01185957,0.012248750000000001,600.8334473
2017-06-10,0.01204045,0.01225,0.01115705,0.01168182,832.98260808
2017-06-11,0.011637370000000001,0.01224941,0.01121195,0.01141681,621.2203824
2017-06-12,0.01141671,0.01202456,0.01107003,0.01199,810.16612775
2017-06-13,0.01202438,0.01254748,0.01154559,0.0122,645.64210148
2017-06-14,0.012248150000000001,0.01369793,0.0121281,0.01242091,830.69412353
2017-06-15,0.01245593,0.01268343,0.011300000000000001,0.0117447,704.77614093
2017-06-16,0.011715670000000001,0.01211119,0.011394,0.0114376,479.51566279
2017-06-17,0.01143761,0.01215339,0.01143761,0.012152340000000001,475.82409778
2017-06-18,0.01215202,0.01230063,0.01162447,0.01198427,379.00695267
2017-06-19,0.01195992,0.01271443,0.0118,0.01261732,523.0275527
2017-06-20,0.01261732,0.01266722,0.011278970000000001,0.01153991,528.21623646
2017-06-21,0.01153991,0.0117886,0.01072554,0.01124973,423.98381938
2017-06-22,0.01124972,0.01198979,0.01105403,0.01144803,315.43295049
2017-06-23,0.01145376,0.012520000000000002,0.01116552,0.011639799999999999,791.33019633
2017-06-24,0.011640000000000001,0.01169373,0.01122052,0.011342999999999999,453.48209696
2017-06-25,0.01134305,0.01155234,0.01043324,0.010707610000000001,433.33119955
2017-06-26,0.01071009,0.01102585,0.009021,0.010199960000000001,595.66489551
2017-06-27,0.01019994,0.01039999,0.00921507,0.010114999999999999,331.56249041
2017-06-28,0.010114999999999999,0.01103347,0.01009572,0.010962999999999999,299.50142766
2017-06-29,0.01096315,0.01122775,0.01041234,0.01058395,239.17532051
2017-06-30,0.01052347,0.01212,0.01050366,0.011370000000000002,814.79357967
2017-07-01,0.01137005,0.01171164,0.01007481,0.01025046,350.69232027
2017-07-02,0.01025044,0.01054559,0.00990123,0.01046943,221.07375209
2017-07-03,0.01049553,0.011498,0.01030289,0.011234,249.03981149
2017-07-04,0.011234,0.011234,0.01077798,0.01079942,55.01616921
2017-07-05,0.01061321,0.01070215,0.010280000000000001,0.01033568,200.51493845
2017-07-06,0.01033559,0.01073699,0.010280000000000001,0.01064546,206.37575258
2017-07-07,0.01064546,0.011130000000000001,0.00849997,0.00921417,1096.63208429
2017-07-08,0.00921408,0.00971494,0.0084999,0.00924884,1453.24191799
2017-07-09,0.009190460000000001,0.009888290000000001,0.00875425,0.00888531,497.64398058
2017-07-10,0.00888531,0.00899601,0.00671863,0.0070821,1262.8096453
2017-07-11,0.0070821,0.00769754,0.00630121,0.00710592,627.57728157
2017-07-12,0.00710592,0.00899822,0.00706082,0.00889642,370.22546349
2017-07-13,0.00889551,0.00986636,0.00850018,0.00873226,637.9156596
2017-07-14,0.00871993,0.00908434,0.0083199,0.00880011,297.012695
2017-07-15,0.00880013,0.00986509,0.00847526,0.00921145,376.80943704
2017-07-16,0.00921315,0.00929974,0.00760001,0.00834977,448.82050234
2017-07-17,0.00834983,0.00877958,0.00802255,0.00818987,254.36207419
2017-07-18,0.00819971,0.00867506,0.00769796,0.00841098,301.4490888
2017-07-19,0.00841387,0.00869995,0.007400980000000001,0.00745509,322.16667065
2017-07-20,0.00745354,0.007850000000000001,0.00682344,0.0069083999999999994,212.55182676
2017-07-21,0.00690148,0.00766101,0.00687467,0.00761881,143.53882925
2017-07-22,0.00761415,0.00767845,0.00710001,0.00754143,232.46869218
2017-07-23,0.00759109,0.00793953,0.00746926,0.00755908,195.86663958
2017-07-24,0.00765091,0.00798824,0.007520000000000001,0.00786013,93.50152584
2017-07-25,0.00783791,0.00800168,0.00693007,0.00699999,314.8007253
2017-07-26,0.00699999,0.00729932,0.00689997,0.00721519,295.23055931
2017-07-27,0.0071804600000000005,0.0072994800000000006,0.00671128,0.00679131,188.06721107
2017-07-28,0.006790000000000001,0.00681487,0.00591417,0.00615747,169.7140779
2017-07-29,0.00615744,0.00648434,0.006,0.00640678,110.84950971
2017-07-30,0.00647601,0.00678375,0.00621001,0.00624492,65.5215816
2017-07-31,0.00624492,0.00624492,0.00555019,0.00576766,175.08613885
2017-08-01,0.00576807,0.0066792100000000005,0.00576807,0.0066415400000000005,106.2576762
2017-08-02,0.00660362,0.00689,0.00653323,0.00653561,92.74158446
2017-08-03,0.00653548,0.00665368,0.00602544,0.00622565,163.14091555
2017-08-04,0.00625219,0.00637664,0.00600121,0.0060874,69.93302179
2017-08-05,0.0061446700000000005,0.00675445,0.00540781,0.00584043,211.78294338
2017-08-06,0.00584054,0.00599998,0.005705,0.00586011,77.27025116
2017-08-07,0.00592012,0.00673328,0.0054845200000000005,0.00558776,168.16910507
2017-08-08,0.00562222,0.00629366,0.00546834,0.00623,182.97136715
2017-08-09,0.00622401,0.007,0.0062238400000000004,0.00685494,350.23760663
2017-08-10,0.0067842,0.00748385,0.00660772,0.00671089,638.92115289
2017-08-11,0.0066508700000000006,0.00671007,0.00607948,0.00614944,162.91628326
2017-08-12,0.00614936,0.0061791,0.00586427,0.00586427,37.45747236
2017-08-13,0.00588362,0.00588392,0.00503116,0.00522846,156.17958994
2017-08-14,0.00509256,0.00518451,0.00477536,0.00482931,37.98791861
2017-08-15,0.0045895300000000005,0.0056,0.00435379,0.00507522,278.25509691
2017-08-16,0.00507758,0.0052863,0.00468489,0.00489874,127.71761026
2017-08-17,0.00488657,0.00507801,0.00463518,0.00463518,72.35301935
2017-08-18,0.00463521,0.00485,0.0044,0.00463626,283.36552604
2017-08-19,0.00463626,0.00474308,0.00455497,0.00473359,90.01905218
2017-08-20,0.00473355,0.00518876,0.00467918,0.00504906,118.96264856
2017-08-21,0.00504907,0.00648645,0.00493267,0.00557389,250.15176525
2017-08-22,0.00557441,0.005817999999999999,0.0051078600000000005,0.005123099999999999,258.74505869
2017-08-23,0.005123099999999999,0.0056,0.00501463,0.00532922,162.00886264
2017-08-24,0.0053238800000000005,0.00547618,0.00515917,0.00534772,176.47259024
2017-08-25,0.00534771,0.006500000000000001,0.005293099999999999,0.0058430900000000004,592.00348574
2017-08-26,0.00584247,0.00815975,0.005750000000000001,0.0068200100000000005,966.68664266
2017-08-27,0.00686709,0.00724217,0.006350000000000001,0.006450000000000001,421.20043166
2017-08-28,0.00645001,0.00649209,0.004646,0.00597792,1315.41391118
2017-08-29,0.0059943800000000005,0.00618445,0.00449999,0.00544786,447.16438721
2017-08-30,0.0054786900000000005,0.00568706,0.00521724,0.0055000000000000005,240.57988424
2017-08-31,0.0055000000000000005,0.00574872,0.005350000000000001,0.00555132,233.29521799
2017-09-01,0.00559983,0.00586403,0.00552266,0.0058100999999999995,280.61131602
2017-09-02,0.00581598,0.0059,0.0051776700000000005,0.0053,236.89445277
2017-09-03,0.0053,0.00569748,0.00521837,0.00540957,147.29166946
2017-09-04,0.00540001,0.00549996,0.00492308,0.0051389,221.42775964
2017-09-05,0.0051389,0.0053119,0.00492309,0.00524157,159.67431888
2017-09-06,0.00524154,0.00532443,0.00497538,0.005110000000000001,151.3969847
2017-09-07,0.00510999,0.00519536,0.005,0.00514097,89.61838526
2017-09-08,0.0051573700000000005,0.0054329800000000004,0.00501124,0.00514684,155.53565762
2017-09-09,0.00511375,0.00530088,0.00508,0.00509811,56.13825884
2017-09-10,0.00513137,0.00526727,0.00490001,0.00509962,91.86806548
2017-09-11,0.00509961,0.00509961,0.0048563700000000005,0.0049651800000000005,50.229854
2017-09-12,0.0049552500000000005,0.00520218,0.0049117300000000004,0.00509533,79.95546649
2017-09-13,0.00509533,0.006110000000000001,0.00503746,0.00528073,367.68000628
2017-09-14,0.00528081,0.00542782,0.0047,0.00488819,181.75315415
2017-09-15,0.00489008,0.00499382,0.00440453,0.00491171,132.81730553
2017-09-16,0.00491171,0.00496239,0.00465092,0.00477257,40.09183294
2017-09-17,0.0047296,0.0049355,0.00441002,0.0047760400000000005,117.80023608
2017-09-18,0.00477598,0.0048734600000000005,0.00456462,0.00466115,78.05398706
2017-09-19,0.00463331,0.00506258,0.00451454,0.00472107,66.83847188
2017-09-20,0.00472502,0.00481687,0.00460024,0.0047398,57.10624891
2017-09-21,0.00473843,0.00479293,0.0044538,0.00472306,55.94718556
2017-09-22,0.0046843200000000005,0.0047596,0.00456403,0.00467709,21.94086951
2017-09-23,0.00466397,0.00479306,0.0046003500000000004,0.00475999,27.48923102
2017-09-24,0.00472664,0.00502,0.00472664,0.00486746,35.93268587
2017-09-25,0.00486746,0.00487084,0.00468209,0.00477651,28.01621214
2017-09-26,0.00480998,0.00485386,0.0046923,0.00484169,21.57392339
2017-09-27,0.00481332,0.005200000000000001,0.0047434,0.00498094,115.1139655
2017-09-28,0.0049809500000000005,0.0054,0.00494017,0.00530748,199.33703899
2017-09-29,0.00530749,0.0053625,0.00485806,0.00494139,102.46186899
2017-09-30,0.0049900000000000005,0.004997,0.00482825,0.00485832,57.57849988
2017-10-01,0.0048736100000000004,0.00491095,0.00467064,0.00470343,25.04583562
2017-10-02,0.00471035,0.00471035,0.0043037200000000005,0.00439772,48.23204214
2017-10-03,0.00439772,0.00459569,0.00430326,0.00451652,34.75286516
2017-10-04,0.00450895,0.00460269,0.00442001,0.00446966,17.7400431
2017-10-05,0.00449247,0.0045244,0.0042732,0.0043771,33.95150107
2017-10-06,0.00437711,0.00458409,0.00423961,0.00452468,54.06150983
2017-10-07,0.00452467,0.00473362,0.00447263,0.00454494,65.25334101
2017-10-08,0.00452751,0.00454036,0.0040913600000000005,0.00415,41.57724544
2017-10-09,0.00414703,0.00420413,0.0035761400000000002,0.00372216,62.09985369
2017-10-10,0.00372216,0.0039828,0.00355118,0.0039828,32.33549286
2017-10-11,0.00398278,0.00402661,0.00381956,0.00385968,24.2034825
2017-10-12,0.00385966,0.00389245,0.00336472,0.00336472,69.2423824
2017-10-13,0.00339745,0.0034154,0.00304293,0.00325236,57.81345592
2017-10-14,0.00325236,0.00334438,0.00317751,0.00326289,25.62706767
2017-10-15,0.0032629,0.0033489600000000002,0.00322975,0.00328063,25.97105001
2017-10-16,0.00329035,0.00344998,0.00324969,0.00332118,48.12359366
2017-10-17,0.00332118,0.0034027,0.00327523,0.0033553800000000003,18.25761841
2017-10-18,0.00333998,0.00348669,0.00324295,0.00327528,40.7506984
2017-10-19,0.00327559,0.00333,0.0031479999999999998,0.00316184,14.16918189
2017-10-20,0.00316299,0.00320972,0.0028404,0.0029348,42.52173967
2017-10-21,0.00291472,0.00295843,0.00260506,0.00278824,24.94499372
2017-10-22,0.0028056500000000002,0.00292449,0.00274432,0.0028270500000000002,16.72084847
2017-10-23,0.0028270500000000002,0.00289948,0.00272834,0.00276832,36.56685144
2017-10-24,0.00276342,0.0032935300000000002,0.00272834,0.00319875,58.52591392
2017-10-25,0.00319525,0.00325407,0.0030561200000000003,0.0031307600000000002,26.87089623
2017-10-26,0.00313075,0.00314707,0.00296844,0.00304463,11.58347901
2017-10-27,0.00304149,0.00307589,0.00292102,0.00307261,15.79599175
2017-10-28,0.00302761,0.00308076,0.00295004,0.0030371400000000002,6.83101424
2017-10-29,0.00298109,0.0030569300000000002,0.0028033100000000003,0.00282844,14.5576982
2017-10-30,0.00282844,0.00287764,0.00273594,0.00279232,22.79354946
2017-10-31,0.00279232,0.00295329,0.00268752,0.0027395600000000003,34.08614616
2017-11-01,0.00269876,0.00299285,0.00250397,0.00254355,58.40130746
2017-11-02,0.00250522,0.00253622,0.00214011,0.00230454,53.20268963
2017-11-03,0.00230454,0.00254684,0.00214,0.00249357,53.94373783
2017-11-04,0.00249357,0.00254644,0.00233282,0.0023561800000000003,20.03104351
2017-11-05,0.0023633400000000002,0.002608,0.00047373,0.00226729,77.66294616
2017-11-06,0.0022566500000000002,0.00246956,0.00222864,0.00242279,21.2042575
2017-11-07,0.00242257,0.0026400000000000004,0.00234344,0.0023952,37.00514947
2017-11-08,0.00239519,0.0026400000000000004,0.00222702,0.00244749,75.80736601
2017-11-09,0.00246144,0.00269999,0.002421,0.0026888800000000003,40.27529846
2017-11-10,0.0026888800000000003,0.00289933,0.00258586,0.00266799,67.18882979
2017-11-11,0.0026670500000000002,0.00289403,0.00261965,0.0028862,53.33523613
2017-11-12,0.0028862,0.00308518,0.0027429999999999998,0.00297028,81.15428893
2017-11-13,0.00297028,0.00304913,0.00269081,0.00281695,25.96612366
2017-11-14,0.00281695,0.00294443,0.00271424,0.0028502700000000002,31.10223278
2017-11-15,0.00285143,0.00286264,0.00256068,0.00262671,26.49914581
2017-11-16,0.00265563,0.0027642,0.00245226,0.0025396900000000003,33.61828986
2017-11-17,0.00253886,0.0026053,0.0024178999999999997,0.00251268,21.44205553
2017-11-18,0.0024834600000000003,0.00258427,0.00247333,0.00254748,12.9552448
2017-11-19,0.00250796,0.00267414,0.00247951,0.0025314400000000003,24.27412226
2017-11-20,0.00253133,0.00257888,0.00245547,0.00255871,23.31920953
2017-11-21,0.0025539300000000003,0.0026200000000000004,0.00250109,0.0026200000000000004,40.00952537
2017-11-22,0.0026200000000000004,0.0034151100000000003,0.00258616,0.00306188,212.24425564
2017-11-23,0.00305,0.00399794,0.00299758,0.00320335,620.42953616
2017-11-24,0.00316182,0.0034990900000000003,0.00302295,0.00345379,120.14829894
2017-11-25,0.00347293,0.0035,0.00316171,0.0032400000000000003,106.96219867
2017-11-26,0.0032419999999999997,0.00324222,0.0028874,0.00294874,60.7613766
2017-11-27,0.00294705,0.0032468600000000003,0.0028257,0.00294427,95.48075178
2017-11-28,0.0029436700000000002,0.00304084,0.00278653,0.00290999,75.3099468
2017-11-29,0.00290521,0.0029100000000000003,0.00246515,0.00250015,150.93017416
2017-11-30,0.00250454,0.00269495,0.00247986,0.00262997,49.53521419
2017-12-01,0.00262997,0.00266989,0.00239999,0.00242997,81.65217944
2017-12-02,0.00240137,0.00273329,0.00236572,0.00273329,283.34464815
2017-12-03,0.0027332800000000003,0.00431439,0.00258834,0.00319449,544.76934425
2017-12-04,0.00319449,0.00353,0.00305713,0.00320839,222.54558613
2017-12-05,0.0032083800000000003,0.00320839,0.00293333,0.00305676,117.36971822
2017-12-06,0.00305676,0.00305676,0.00222881,0.00227743,121.64057948
2017-12-07,0.0022321,0.00227706,0.0016,0.0016,120.41939057
2017-12-08,0.0016,0.00202379,0.00150055,0.00183183,125.32648328
2017-12-09,0.00184862,0.0020629999999999997,0.0017737900000000001,0.0019219999999999999,65.54597509
2017-12-10,0.00194794,0.00229977,0.00178125,0.00181685,98.11222592
2017-12-11,0.00181689,0.00195889,0.00170944,0.001846,43.71592946
2017-12-12,0.00181603,0.00226999,0.00179972,0.00199768,109.52092633
2017-12-13,0.00200383,0.00227247,0.00188071,0.00217998,136.10959671
2017-12-14,0.00217994,0.00239412,0.00212229,0.0022598600000000003,112.61628626
2017-12-15,0.00225984,0.0022900000000000004,0.0018135999999999998,0.00206999,78.19456942
2017-12-16,0.00206999,0.0024230700000000003,0.00205315,0.00215089,192.65264666
2017-12-17,0.0021629600000000002,0.00233,0.00212443,0.00224609,119.83781165
2017-12-18,0.00224636,0.0029613,0.00224636,0.00295962,179.25715835
2017-12-19,0.00294039,0.00600014,0.00282371,0.00598501,2641.86549018
2017-12-20,0.00598527,0.00630397,0.004860000000000001,0.0054376,887.49640299
2017-12-21,0.00543796,0.00625965,0.005,0.005453899999999999,489.64681523
2017-12-22,0.00545388,0.0057700500000000005,0.00388068,0.00450297,547.75231335
2017-12-23,0.00447531,0.00598,0.00440266,0.00511149,507.19383061
2017-12-24,0.00511149,0.00516478,0.00475835,0.00502203,181.69964934
2017-12-25,0.00500292,0.00522871,0.00483488,0.00514925,168.90642164
2017-12-26,0.00520769,0.00617012,0.00514487,0.005430000000000001,767.31912279
2017-12-27,0.005430000000000001,0.00547407,0.0049634200000000005,0.0051931600000000005,197.26294036
2017-12-28,0.00525149,0.00528411,0.00484704,0.00521188,177.44893776
2017-12-29,0.00514612,0.00550083,0.00490158,0.0052807999999999996,207.83287234
2017-12-30,0.00530483,0.00530483,0.00478949,0.00510074,166.24528492
2017-12-31,0.00510082,0.00515955,0.00482651,0.005062,92.08124468
2018-01-01,0.005062,0.00560515,0.00490167,0.00553376,172.59973489
2018-01-02,0.00553383,0.006500000000000001,0.00519221,0.00531261,308.27775902
2018-01-03,0.00536499,0.0054607300000000004,0.00490999,0.00512591,214.64578031
2018-01-04,0.0050953,0.00518998,0.004750000000000001,0.00482216,163.4106985
2018-01-05,0.00483186,0.00595446,0.00410001,0.00425836,406.53829029
2018-01-06,0.00425835,0.0048667,0.00402787,0.0044354,146.16337366
2018-01-07,0.00446209,0.004940000000000001,0.004424,0.0048400000000000006,121.19312652
2018-01-08,0.0048400000000000006,0.006676720000000001,0.00474088,0.00667515,604.08586955
2018-01-09,0.00667361,0.007266,0.00605115,0.00627716,617.51306686
2018-01-10,0.00626807,0.00851427,0.005399,0.00692349,805.34361692
2018-01-11,0.0069235,0.00898388,0.0062295300000000005,0.00756014,1397.25179594
2018-01-12,0.007500000000000001,0.00847751,0.007500000000000001,0.00763348,330.03011294
2018-01-13,0.00763348,0.007799899999999999,0.00704045,0.007436,198.0928812
2018-01-14,0.007436,0.00747297,0.0067969,0.0069115700000000006,173.96622351
2018-01-15,0.0069115700000000006,0.007500000000000001,0.00643358,0.00664326,219.17078176
2018-01-16,0.00664967,0.00674997,0.005200000000000001,0.0057652400000000005,343.78276422
2018-01-17,0.00576589,0.00630243,0.00497939,0.00585003,232.86499818
2018-01-18,0.00585003,0.00610566,0.00545699,0.00565594,237.09828423
2018-01-19,0.0056558500000000005,0.00713684,0.00560332,0.00670073,345.53951412
2018-01-20,0.00673189,0.00775496,0.00639356,0.00750963,343.11860581
2018-01-21,0.00750956,0.0083499,0.00722001,0.0076484100000000005,486.04822808
2018-01-22,0.00760668,0.007824,0.0073306,0.007824,159.03446631
2018-01-23,0.007824,0.00860286,0.00750374,0.0081,203.3309244
2018-01-24,0.0081,0.00855003,0.00786249,0.00798198,193.64389253
2018-01-25,0.007967199999999999,0.008138,0.0077,0.00789072,97.146915
2018-01-26,0.007823799999999999,0.00789072,0.00707903,0.00759095,197.08902139
2018-01-27,0.00753197,0.00770672,0.00720903,0.00735044,108.66579499
2018-01-28,0.00735099,0.00740884,0.0070396,0.00720523,68.31624469
2018-01-29,0.00718101,0.007356199999999999,0.00691009,0.00710989,94.52189322
2018-01-30,0.00710989,0.0072098,0.0065566,0.00676506,108.30368033
2018-01-31,0.00682262,0.0069977400000000006,0.00653146,0.00671414,66.9124354
2018-02-01,0.00671414,0.00722366,0.0066821300000000005,0.00714953,200.53657495
2018-02-02,0.0071496500000000004,0.00718773,0.00560001,0.0066041400000000005,157.64443557
2018-02-03,0.00660382,0.006759299999999999,0.0061,0.006670000000000001,60.82880796
2018-02-04,0.006670000000000001,0.00673937,0.00580022,0.00616809,92.83905228
2018-02-05,0.00616796,0.00664842,0.00588008,0.00617157,118.61356882
2018-02-06,0.00621374,0.00643597,0.00566684,0.00612975,180.22427923
2018-02-07,0.00615552,0.00636495,0.0059,0.00620001,93.4009541
2018-02-08,0.00620001,0.00635169,0.00606891,0.00626815,69.4383065
2018-02-09,0.0062291,0.00667779,0.00618174,0.0065701100000000005,51.46448894
2018-02-10,0.006570250000000001,0.00659562,0.00620999,0.00635759,43.18937578
2018-02-11,0.0063495800000000005,0.00661184,0.00594068,0.00605673,49.31740823
2018-02-12,0.00602,0.0066838900000000005,0.00587358,0.00604442,124.85449411
2018-02-13,0.00598966,0.00598966,0.0057,0.00574515,62.65355691
2018-02-14,0.00572709,0.00580352,0.00542491,0.00555641,89.03299271
2018-02-15,0.00551919,0.00565444,0.005200000000000001,0.00533999,58.36527793
2018-02-16,0.00527669,0.0053833200000000005,0.0051,0.00522797,36.84768572
2018-02-17,0.00519892,0.0053,0.0049001900000000004,0.00490386,43.90810112
2018-02-18,0.004961,0.0052629999999999994,0.00493121,0.00499407,61.44349758
2018-02-19,0.00500711,0.00505717,0.0047688900000000005,0.00476894,24.89826518
2018-02-20,0.00480419,0.00484799,0.004274399999999999,0.00443452,53.32603846
2018-02-21,0.00441478,0.0044925,0.00424701,0.004399,27.6098593
2018-02-22,0.004390000000000001,0.00462054,0.00426415,0.00436861,26.1324106
2018-02-23,0.00436861,0.00449386,0.00426894,0.0043300000000000005,44.99328208
2018-02-24,0.0043300000000000005,0.00453128,0.00428889,0.0044179300000000005,35.14720117
2018-02-25,0.00443541,0.00460476,0.00439385,0.00458986,14.43221328
2018-02-26,0.00455279,0.00468,0.00437575,0.00449612,48.19418613
2018-02-27,0.00449444,0.00488758,0.00447728,0.00453747,26.99479189
2018-02-28,0.00454201,0.00460335,0.00429591,0.0044345700000000005,32.89118269
2018-03-01,0.00440608,0.00447419,0.004176399999999999,0.00429056,49.0828647
2018-03-02,0.00428801,0.00436,0.004050000000000001,0.00408647,18.58749974
2018-03-03,0.00408648,0.00440014,0.00404957,0.0041275,26.45624926
2018-03-04,0.0041275,0.00421199,0.00397907,0.00402324,35.06027509
2018-03-05,0.00405376,0.00408489,0.00399188,0.00404547,26.29115788
2018-03-06,0.00404546,0.00414258,0.0039936,0.00400581,11.46589368
2018-03-07,0.00404144,0.00406155,0.00390001,0.00394404,18.84735461
2018-03-08,0.00394431,0.0041881,0.00390701,0.00409372,35.97793912
2018-03-09,0.00412508,0.004174,0.00392327,0.0039613800000000005,27.25527455
2018-03-10,0.00396294,0.00403441,0.00375302,0.00376719,9.37531819
2018-03-11,0.00377095,0.00387227,0.00374237,0.0037534400000000002,13.24702957
2018-03-12,0.00376087,0.00387,0.0037492,0.00380768,5.85796688
2018-03-13,0.00381388,0.0042498,0.00377182,0.00419843,28.38055804
2018-03-14,0.00417864,0.00425816,0.00376495,0.00382395,55.9422821
2018-03-15,0.00382393,0.00409625,0.00375507,0.0038904300000000003,33.18027117
2018-03-16,0.0038904300000000003,0.0042124400000000005,0.0038393200000000002,0.00397758,16.46306826
2018-03-17,0.00395202,0.00402015,0.00381404,0.00385994,10.28970072
2018-03-18,0.00388237,0.00395023,0.00343267,0.00360002,23.23552997
2018-03-19,0.00359902,0.00459,0.0035965800000000003,0.00388107,53.32910631
2018-03-20,0.00385729,0.00402337,0.00385729,0.00398758,13.87087464
2018-03-21,0.00398758,0.00407798,0.00396668,0.00403216,9.58532751
2018-03-22,0.00402787,0.00407434,0.0039968,0.00405571,13.63398514
2018-03-23,0.00405571,0.00409062,0.0039153700000000005,0.00400509,4.5208983400000005
2018-03-24,0.00397655,0.00414961,0.00397655,0.00404797,6.15610185
2018-03-25,0.00404797,0.00409607,0.0039794900000000005,0.00405686,8.05508828
2018-03-26,0.00404909,0.0044,0.00398298,0.00423711,30.72511077
2018-03-27,0.00422754,0.00431016,0.00398187,0.00416605,14.87995822
2018-03-28,0.00416619,0.00427,0.00413246,0.00414239,5.99755519
2018-03-29,0.00416098,0.0042022200000000004,0.0036000000000000003,0.0037532200000000003,80.26468151
2018-03-30,0.00376093,0.00392815,0.00368271,0.00372952,31.81383804
2018-03-31,0.00375247,0.0038575999999999997,0.00370194,0.00376692,11.85941704
2018-04-01,0.00373074,0.00376638,0.00351937,0.00358509,16.67736185
2018-04-02,0.0035882600000000002,0.00378147,0.00350278,0.00359216,12.30487104
2018-04-03,0.00359531,0.00377523,0.00355398,0.0036596999999999997,22.85211819
2018-04-04,0.00365969,0.00372761,0.0034151900000000002,0.00351245,19.89749764
2018-04-05,0.00352337,0.00405299,0.00345028,0.00392985,68.96574031
2018-04-06,0.0039014600000000003,0.00395598,0.0035859999999999998,0.00364158,39.27019066
2018-04-07,0.00363882,0.00365425,0.00351471,0.00357888,31.30546665
2018-04-08,0.00353993,0.00361662,0.00351301,0.00360708,12.84990032
2018-04-09,0.003607,0.00365431,0.00354769,0.00358068,17.23928953
2018-04-10,0.00361314,0.00365431,0.00354381,0.0036062900000000003,24.20456535
2018-04-11,0.0036062900000000003,0.00367993,0.0035783300000000002,0.00365202,14.04593484
2018-04-12,0.00365204,0.00368609,0.0033960500000000003,0.00354701,42.54335349
2018-04-13,0.00354701,0.003836,0.00342501,0.00368351,93.40874382
2018-04-14,0.00371383,0.00376794,0.0036100000000000004,0.00363286,27.22215275
2018-04-15,0.00363286,0.00372694,0.0034536700000000003,0.00368956,57.32090599
2018-04-16,0.00370113,0.0037033500000000002,0.00350504,0.00359027,26.4227481
2018-04-17,0.0035764,0.0037048100000000002,0.00355,0.00368456,32.37070346
2018-04-18,0.0036842100000000003,0.00400456,0.00363823,0.0039824100000000005,39.61936923
2018-04-19,0.00400877,0.00547273,0.00400877,0.00460365,192.40838293
2018-04-20,0.00461389,0.00468022,0.00433306,0.00448224,42.80749619
2018-04-21,0.00450778,0.00463091,0.00422279,0.0043544,30.937243510000002
2018-04-22,0.0043543900000000005,0.00463134,0.00428915,0.00455191,20.60435876
2018-04-23,0.00451047,0.00463136,0.00451001,0.00460299,20.10056962
